content,polarity
Diga cuanto nos van a costar las  autovías  de sus amiguetes ¿4500 millones o más ?  @EsperanzAguirre @PPopular,N
@lhermoso_ @sanchezcastejon  #DobleMoral  Castilla antes que Aragón...,N
@PSOE  @sanchezcastejon Me hace mucha gracia que esa afirmación la haga el PSOE,N
Para que todo el mundo lo tengo claro ....  @CsAlzira_   https://t.co/kcDxbhu3Ha,NEU
@Albert_Rivera  y  @CiudadanosCs  saben q este país es progresista pero q se arruga y vota centro. Discurso moderado y electoralista.,N
@sanchezcastejon  Todos los castellanos deberíamos celebrar. No sólo los del norte. En C-LM el festivo es 1 tonta fecha admva. #Propuesta,NEU
"@SooZLetras  @iunida  @IUCM No conozco los detalles, pero los valores y los principios me importan más de lo que me preocupan las disensiones",NEU
"@cesarpopmadrid lo comprendo, pero esos valores y principios están mejor representados en otras candidaturas de @iunida y no en la de  @IUCM .",N
"Partido podrido, partido prostituido =  @PPopular   https://t.co/C9YbvGD4zh",N
"@JDescane @quetemuevas @CiudadanosCs @emaspolet Sencillo:  Langosta, caviar y solomillo más barato y pan, leche, huevos, patatas...  más caro.",NEU
@AntonioMaestre si lo propusiese  @ahorapodemos  o  @iunida  sería titular de portada a 5 columnas! @CiudadanosCs,NEU
@PPopular  pero que poca vergüenza teneis degenerados,N
@LuisSalvador firma @JaqueAlReyLS en @FLMalaga con @qproquo http://t.co/rVeLFjOInY @CsMalaga @CsGranada  @CiudadanosCs,NEU
@CiudadanosCs @Albert_Rivera yo espero que los españoles que respetamos la  democracia  como tal no votemosun partido republicano con ideas1/2,P
Te esperamos con el compromiso de nuestro  Secretario General  @sanchezcastejon para El BIERZO http://t.co/x84bZmLJLV,NEU
@chacbas @HoyPorHoy @Albert_Rivera Seria idea luna  sanidad  gratuita global..Pero hay sanidad gratuita para los españoles cuando salimos??,NEU
"José Ignacio Wert  Ministro de Educación Cultura y Deportes del Gobierno de España, Nuria Riera Con... https://t.co/Hv1Vp0bQao via @change_es",NEU
.@AytoAntequera ha pasado en 4 años de recibir  avisos de corte d luz por impagos  con @psoe a  renovar luminarias eficientes  con @PPAntequera,N
#ConMasFuerza Los resultados de  @iuandalucia  mejorarán en las municipales.  @MailloAntonio .  @agarzon   @cayo_lara  @nuet http://t.co/pRRsvt37Dr,P
"@FeminismoDgital @LinesFoz @FozPSOE @sanchezcastejon x eso pedimos una ley q proteja a todas las partes, sin recovecos  #GestacionSubrogada",NEU
@sanchezcastejon  Hoy es un buen día para recomendar un libro... ¿Te animas?...,P
"@PSOE  @mjpartera  @sanchezcastejon  El mismo que tenéis vosotros. No se ponga usted tan digno,  don Pedro .",N
@Albert_Rivera  esperando q algún día vengas a Zaragoza a firmármelo! http://t.co/Qxe60jE2M2,P
@AntonioMaestre @CiudadanosCs yo la subí en Menéame y los propios simpatizantes de C's la tumbaron. Y todavía niegan la  subida del IVA,N
IU denuncia la apuesta del PP por profundizar la privatización en la  Educación Superior  | IZQUIERDA UNIDA http://t.co/PVvccGoVmz via @iunida,N
"@anguitista converger con un partido que primeramente son ellos quienes no quieren la convergencia con nosotros, @pagan_gines  @agarzon",NEU
"@Albert_Rivera  solo felicitaros por la no eleccion de  Juan Carlos Machuca  en Parla , no te imaginas lo trepas que es , saludos",NEU
¿Q ha hecho mal @UPyD dsd entonces? ¿Pq ya no  capitaliza voto   desencantados x el sistema partidos actual ? #Reflexion http://t.co/GBAta9JAob,NEU
Me firma el libro @marianorajoy ?? #FelizDiaDelLibro son unos  recibís  que le quedaron pendientes http://t.co/x4X6GtoOYu,NEU
@MGFolch  @PPopular  Así debe se ser además lo hacen con unas llamadas de teléfono y una buena comilona o cena que pagamos los españoles,N
"@Kelpie75 olvídate de podemos y de sus dirigentes porfa.  La convergencia se da por abajo, no por arriba  @pagan_gines @agarzon",NEU
"@martalopeza @GSubrogada  @sanchezcastejon  yo le presenté a mis hijas en Plasencia y tb me dijo q iba a hacer algo, pero me temo q ....",NEU
Ayer en el Congreso reunidos con @PSOE expusimos proyecto  #TaxiUrbanSocialCity  para una #SmartSocialCity. #ClaroQueSí http://t.co/wNTGZTOPQZ,NEU
"@agarzon @vocalcbaza tenías que decir ""  contar con nosotros y nosotras ""  como has dicho más de una vez. A lo que llegamos !!!",N
"@Albert_Rivera @CiudadanosCs  Estoy segura d q estais muy ocupados, pero agradeceria una respuesta a mi twit d ayer...acaso no hay nadie ahi?",N
"@Kelpie75 pues caro que pecan de adanismo y muchas de las nuestras también de  sectarismo , compartimos el carrillismo @pagan_gines @agarzon",N
@nieveslazurda @ccifuentes @PPopular Las privatizaciones crean  paro y miseria  mientras  políticos corruptos y sus amigos se llenan el bolsillo,N
"@Kelpie75 y  defender la  lucha de clases  es defender a los  trabajadores  concienciándoles, estén donde estén  @pagan_gines @agarzon",NEU
@libertaddigital @MiriamMuroM @ahorapodemos @Monolocus @VenezuelAeLibre @periodicovzlano Venezuela fue el origen de  Podemos  y será su fin.,N
@sanchezcastejon moze no paras de  meter la pata .....,N
"@Roberhawk  @PPopular  En Nueva yor? Quiénes,los mismos que acusan a @NicolasMaduro de asesino  @Pablo_Iglesias_  ?",NEU
@PPopular @Qvixote2015 O podemos leer el BOE donde habéis metido el  programa de religión  en los colegios. Eso si queremos tragicomedia.,N
"@anguitista exactamente, por abajo,  consultando a las bases  y lo que veo por parte de @agarzon y otros es  todo lo contrario  @pagan_gines",N
"@cmgorriaran @DANIEL_FM_TUIT @UPyD lo dicho, no me  parece que ayude a quitar la imagen  de que  UPyD desaparece ...",N
Diez huelgas de  Educación  en Aragón desde que Wert es ministro http://t.co/bFTAhJz1Ru vía @eldiarioaragon,N
Pues habrá que  cepillarse  a  #Trillo  y a  #Pujalte  no compañeros?  @PPopular,N
@JuanMijimenez @canarias7  @PSOE  @coalicion la GESTION del #BarcoRuso es de ministerio y por tanto del estado de la nación.,NEU
@sosvzlalibertad @PSOE @sanchezcastejon para  gastarte  lo q t ahorras en los centimos q sube el pan tienes q comprarte la panaderia,N
@iunida yo prefiero tener  profesores  que cobran tanto si lo hacen bien como si lo hacen mal. Y que no necesitan reciclarse :),P
@anguitista y lo tenemos?  A ti te hab preguntado si quieres converger con Podemos ? Porque a mi no @agarzon @pagan_gines,N
@Kelpie75  IU   nace  sabiendo que sola no podía y como seña de identidad la unidad @pagan_gines @agarzon,P
"@anguitista totalmente de acuerdo, pero no a costa de perder nuestra  identidad  sino haciendo lo que hemos hecho @pagan_gines @agarzon",NEU
"Conoce la web de @ramonmarcos ,  candidato  @UPyD Presidencia Comunidad Madrid. http://t.co/KkHYEYZKZc  #ramonmarcos2015 http://t.co/fAxiIhjtR0",NEU
@ramonmarcos @UPyD:  Presentamos un programa  con + de 400 medidas q nos hagan ser decisivos y conseguir un gobierno decente #ramonmarcos2015,NEU
"@anguitista siempre, trabajar y  apoyar a la clase trabajadora  @pagan_gines @agarzon",P
"@variedades1961 @cmgorriaran @UPyD somos iguales ? Está seguro ?  Aforamientos ,  17 sistemas salud  y  educativos  ,  custodia compartida  .Sigo?",N
"@anguitista  Sí, la  unidad  con la izquierda, en todo caso. @Kelpie75 @pagan_gines @agarzon",P
@anguitista me he leido algunos de los  documentos  @agarzon @pagan_gines,NEU
"@Kelpie75 y la parte q de boquilla aprobó 1 cosa e hizo otra fue los de las siglas; los q participamos, Cambiar Madrid  @agarzon  @pagan_gines",NEU
Me gustaría saber si @CiudadanosCs se ha planteado la eliminación completa d la  Ley del menor.  Si se comete crimen d adulto se paga como tal,NEU
@BomberosGC @canarias7  @PSOE  @coalicion la autoridad portuaria la dirige CC y es quien decide sacar a pasear una marea negra.,NEU
"""@Inivelayensa: Creo que... Vamos a... Pienso que... Haremos... Este lo RT pq me ha hecho gracia : ) #Hacemos  @UPyD  http://t.co/8E1GquWPiS""",NEU
Vamos a seguir demostrando que  @ArucaGomez y @CsTresCantos  utilizan la marca de @CiudadanosCs para conseguir carguitos. Farsa,N
"@jesuspati @PedroChamonL  @UPyD  Pues cuando te aburras y te apetezca hacer un reparto, ya sabes dónde venir ;)",NEU
"Recomiendo la lectura de ""El Cambio Sensato"" por  @Albert_Rivera  donde hay 100 preguntas/100 respuestas #DiaDelLibroCs http://t.co/KX8DFxyipz",P
UPyD critica la decisión de  reducir camas en la Fundación Hospital de Calahorra  y pide que se revoque http://t.co/kbLU2Q17UC vía @upyd,N
@Kelpie75 q es la izquierda? lxs q se dicen que lo son como el PSOE o lxs q defienden  servicios públicos ? @Susana_Vila @pagan_gines @agarzon,N
#gráficos  #IRPF  de @CiudadanosCs perjudica a  rentas  entre 16.000 y 19.500  Datos @Jaume_Vinas http://t.co/hN9dqNjUwy vía @CincoDiascom,NEU
"@PPopular pero la población activa bajó en 127.400 personas y por tanto la  tasa de paro  SUBE hasta el 23,78%. Dejad de vender humo.",N
"De esos 13000 menos de  par o, cuantos indefinidos, cuantos de 8 horas al día? #paro ladrones mentirosos @PPopular",N
"@anguitista los que defendemos y hemos defendido la clase obrera, los que creemos que la unica salida @Susana_Vila @pagan_gines  @agarzon",P
"@CiudadanosCs y @UPyD  se suman en Murcia no  pactar  con el @PPopular  pero si con el partido de Chaves, Griñan, Magdalena Alvarez etc..",N
"El último  libro  q he leído es El cambio sensato @Albert_Rivera, El dilema d España @lugaricano  y Jaque al rey @LuisSalvador #DiaDelLibroCs",NEU
"@Felipenini @lozabest2 @PaquiVicente @ahorapodemos no defiendo a podemos ni siquiera pienso  votarles  pero lo que es,es y lo que no, no",NEU
"@LSan61 @Inivelayensa @lozanoirene @UPyD todo es mejorable, todas las  criticas son bien recibidas  y cuantos mas arrimemos el hombro mejor",NEU
"@AlexStraits @jabiloto @es_INE @marianorajoy ha ha jajaja jajajajaja pero en que país vives?  Vives en una burbuja  y solo lees ACB, no?",N
"@rosadiezupyd @Herzogoff Encuesta en Madrid, donde  mejor resultado sacáis  siempre: http://t.co/jYWPPuGOSL",P
@PPopular ... Lo dicho: el  PP  es el partido del funéreo. Porque para escribir estas cosas...,N
Hemos  defendido a los madrileños como nadie antes .  Ahora cambiaremos #Madrid http://t.co/pQWoNhgviR @UPyD #Libres http://t.co/9S4xPwU5Ia,P
"@PSOE @sanchezcastejon  El PP es un  PARTIDO CORRUPTO  en DESCOMPOSICION Solo faltan PENAS EJEMPLARES y q hablen BARCENAS, RATO, BLESA, MATAS",N
@Kelpie75 @anguitista @Susana_Vila @agarzon. El  marxismo de los dirigentes  de IUCM. Aki yo huelo otros intereses. Me despido,N
"@marianorajoy  presidente de nuevo ya, otra noche como aquella <3",P
"Del error de  @sanchezcastejon  se ha hablado en los medios... ¿q pasa con el de  @mdcospedal  ? Uno es gracioso, el otro es  .....aberrante",NEU
@jezquerra57 Aquí tienes el resumen de lo dicho por @ramonmarcos (@UPyD) en el  debate sanitario  de ayer. http://t.co/okD3M0W8lk,NEU
"@rosadiezupyd  ETA  es responsable del asesinato de 24 niños , perpetró 292 ""asesinatos colectivos"" ...........  http://t.co/HSmDSL308j",N
"En @CiudadanosCs habeis dicho cosas buenas en vuestro programa económico, pero habeís fallado en lo de subir el  IVA  de los productos basicos",N
"@CiudadanosCs @Albert_Rivera España la debe gobernar un partido  sin corruptos  y  sin cuentas en paraísos fiscales,  cosas q ustedes no cumplen",P
En el  @PPopular  están tan escandalizados con el tema de las tarjetas Black que se dedican a recolocar a los imputados,N
@loprimi1 @CiudadanosCs  @Albert_Rivera  Tranquila Ciudsdans te quitará los 210 ,N
Hacienda asegura que  Anticorrupción  no quiso actuar contra Rato http://t.co/Acs9EEm0SS  @UPyD @Herzogoff,N
"@sanchezcastejon,  secretario general del Partido ""Socialisto"": «Ustedes, miembros y miembras... Permítanme la broma» http://t.co/4bPIg5knjc",N
"@sanchezcastejon  y ante todo y sobre todo que DIMITAS TU, LA SECR GRAL DEL @PSOE  @_susanadiaz  Y DISOLVÁIS EL CHIRINGUITO ANDALUZ !!!!",N
"@alquimistaast Ah, por cierto te olvidas de "" empresarios modelo""  como Díaz Ferrán, Arturito y semejantes. Uno -> @javierjuantur @ppopular",N
@rosadiezupyd estáis dando mucha vergüenza con los  ataques populistas  en plan Potemos a C's. Con lo grandes que habéis sido y al final esto.,N
".@ExCiudadano_ Quien quita y pone no son las élites ni el IBEX35, es la  ilusión ciudadana  en las urnas.Ej. @UPyD...@GmezMatas_P @_infoLibre",P
"@AntonioMaestre @maxpradera @CiudadanosCs joder  el Paí s que pena da, en lo que se ha convertido. Pero con no comprarlo no pasa nada.",N
Un sondeo da a  Ángel Gabilondo  @psmadrid @PSOE 6 escaños menos que a Tomás Gómez http://t.co/BTxmLC864y,N
"@es_INE  @marianorajoy  esto no es xq x ley,  tras 2 años de trabajo te obliga a hacer al trabajador indefinido? Solo en el nombre,  no?",NEU
@GonzaloMonedero  Muchas gracias :) @upydvillalba @UPyD,P
"@sanchezcastejon  Y a los catalanes, que hoy es Sant Jordi y el día de la Rosa",NEU
@PPopular  @odradek1 @Qvixote2015 Es posible que no conozcáis otro libro. Fuera la mafia.,N
@PedroFresco @cmgorriaran Cada vez que en @CiudadanosCs hablan de  economía  van sembrando más dudas sobre la conveniencia de votarles.,N
Parados q votan al  @PPopular   q tios + grandes!!!,N
@ahorapodemos @_PabloFdez_ @PodemosEdiUK En Escocia y en UK hay muchos  exiliados venezolanos  ¿por que no los llaman?,N
¿Por qué será que no me sorprende que diputados del  @PPopular  cobren de una constructora?,N
"@rosadiezupyd  Obviedades  de 0,60 Las traigo baratas oiga! Que me las quitan de las manos!",N
"Decencia, independencia, consenso y lucha x el progreso  (para mejorar la vida d la gente) #soluciones @UPyD #LIBRES https://t.co/4ubkQYMVeB",P
@angelcapon Los libros de    @Albert_Rivera  tienen contenido interesante,P
A FAVOR  SUBVENCIONES PÚBLICAS .  @PPopular  @ahorapodemos  @PSOE  @iunida  @CiudadanosCs   QUE SE FINANCIEN SIN TÚ DINERO.  @vox_es   #yoVOX,P
Y las cuentas del partido? Estáis preparados para enseñarlas?  @CiudadanosCs   @Albert_Rivera  http://t.co/ZavBiwedqG,NEU
El  @PPopular  se quiere destruir a sí mismo y vaya que lo va a conseguir  http://t.co/U3qdMy6Oza,N
@olgavilasantos Ojalá hayamos aprendido. JAMÁS. Nunca JAMÁS otra mayoría absoluta. NUNCA. @alquimistaast @javierjuantur  @ppopular,N
"La ilegalidad no es el tema,  ya hacen las leyes a su medida.  La cuestión es la ética. Son unos insultantes indolentes. Mafia  @PPopular",N
@1periko67 @loqveoenlcamino @UPyD ¿ Sólo la  corrupción  del PP ?  ¿ La de CIU y PSOE es corrupción buena ?,N
"@sanchezcastejon  Fórmula de recuperación económica y laboral. Subida de salarios, bajada de precios, recorte del margen de beneficios.",P
Pide a @marianorajoy y @GPPopular q retiren reforma de  ley del #aborto  YA! https://t.co/ymfrpBdTFO vía @amnistiaespana,N
@sarrucha @AlexStraits @es_INE @marianorajoy casi 25% de  paro  y a mi me da igual que parte de culpa tiene cada uno.,N
@marianorajoy  @PPopular  podéis leer y firmar el manifiesto de esta #CandidaturaSostenible aquí: http://t.co/MDtwTFpK5M,NEU
"Noches de hotel que no bajan de 500 diarios.. La alcaldía valenciana (@PPopular) gasta 278.000 en  viajes y comidas"" #ps2015uv",N
Ha venido también un clon de  @Pablo_Iglesias _ con su coleta y una con un #MoñoDeLaDroga a ver a @jaimecamachog http://t.co/6n4yZ7xMp0,NEU
@CiutadansCs @CiudadanosCs @Albert_Rivera  en castellano  sinvergüenzas,N
"@sanchezcastejon alias Pedro Sanchez,  se pierde en Washington, se equivoca de botón y dice que el sevillano Antonio Machado es soriano .",N
@Albert_Rivera  por el Norte ni te vemos ??,N
@PaquiVicente  @PPopular  @PPRMurcia @bernabepaco @JCR_juancarlos no caerá esa breva,N
"@ahorapodemos pues aunque parezca increíble,  han vivido a costa de las minorías . Las mayorías les votaban o se quedaban en casa :'( @UPyD",N
"Dignidad y Justicia acusa a @UPyD de ""hacer  política sucia""  por presentar su propio texto sobre ETA en el Congreso.",N
¿Se compromete  @sanchezcastejon  @PSOE con una #CandidaturaSostenible? http://t.co/MDtwTFpK5M http://t.co/vi852m3wB0,NEU
"@ramonmarcos @UPyD: Queremos analizar todos los contratos, reordenar el  sistema sanitari o, contando con los profesionales #ramonmarcos2015",NEU
".@rosadiezupyd lamenta que el ""poco empleo"" que se crea sea de mala calidad y aseguea q el  paro  es un ""drama"" @UPyD http://t.co/CMgsSXpvz9",N
"En el trabajo: -Siempre he votado @PPopular, pero ahora  estoy pensando votar  @CiudadanosCs -¿Sabes q proponen? -No, pero lo de+ es Venezuela",NEU
""" @Albert_Rivera  ordena a  @CiudadanosCs  no entrar en gobiernos de coalición"" http://t.co/XzdnYbcueB vía @lasprovincias http://t.co/qMW1RKe5wP",NEU
"Recorrido del  @PSOE  con @luistudanca, hacia el #Monolito de #VillalarDeLosComuneros #Villalar2015 #TUdancaPresidente http://t.co/1sbahfPSbO",NEU
Marta Saavedra del  @PSOE  de Las Palmas ve aceptable que hombres inocentes vayan al calabozo @martasaavedraD #EXISTEN http://t.co/OypxdQzax7,N
"#HechosNoPalabras @UPyD ha reclamado una Ley contra el  maltrato anima l, y endurecer sanciones http://t.co/Lx59hIwfiN http://t.co/cOy6rCS74r",NEU
@Noticias24horas  Los bancos no le prestan dinero a  @UPyD  (EL PAÍS 16/EL MUNDO 11),NEU
".@rosadiezupyd: ""Todos pasteleaban, pero UPyD no: con nosotros, los  corruptos  lo pasan peor"" http://t.co/rnG4Zm88wL",P
"@Albert_Rivera @CiudadanosCs QUE ESPEREN PARA COMPRARLOS CUANDO BAJE EL  IVA  CULTURAL, DESPUÉS YA NO PODRÁN COMPRAR PAN Y LECHE. LAMENTABLE.",N
Feliz Sant Jordi  a mis amigas y amigos naranja s.  @CiudadanosCs  http://t.co/52pyF2WBG7,P
No más muertes en el #Mediterráneo @JunckerEU  @marianorajoy  #nomásmuertes https://t.co/040MfUBD4n vía @change_es,N
"Recorrido  del @PSOE con @luistudanca, hacia el #Monolito de #VillalarDeLosComuneros #Villalar2015 #TUdancaPresidente http://t.co/3YtuwHpESg",NEU
Os veo a muchos confundidos con @CiudadanosCs Os mola el  abort o? Yo creo que no https://t.co/FlAryeAtQU http://t.co/WcHkEcAx63,N
@ABiondini @rosadiezupyd;  CUANDO SE HARÁ JUSTICIA CON  LAS 5.000 FAMILIAS ESTAFADAS Y ROBADAS  POR LOS RUIZ MATEOS RIVERO SÁNCHEZ ROMATE...?,N
Ceadac en el  nº331 de la @Revista60ymas (@Imserso) con motivo de la visita del  ministro de Sanidad   @AlfonsoAlonsoPP  http://t.co/q7PEJNHpFl,P
@PPopular No está mal: cambio indefinido  jornada completa  por tres temporales a tiempo parcial. Así sale seguro la cuenta. #muchomorro,N
Manuel de la Rocha @PSOE firma la ILP  #NOALCOPAGOCONFISCATORIO  http://t.co/9I6CyFUsL1,P
"Por suerte para @UPyD,  @EnriqueCalvet   ya no es diputado nuestro ;) @CamaraCeuta @guardiacivil",P
Visitamos el  Mercado de As Conchiñas  con @sanchezcastejon @marbarcon @jrgomezbesteiro http://t.co/JmqM52XAia,NEU
El gobierno del  @PPopular  permite vender tabaco y chuches en los bares que no es su negocio y los kioscos sin dar empleo. Yo entre 5 y 10.,N
La primera verdad que dice el  @PPopular   #Gurtel #Rato #Eolicas #Barcenas   #cambio  @CiudadanosCs   @Albert_Rivera   https://t.co/ZU9aD8jhMI,N
"@Seron_13  @UPyD  @GmezMatas_P @_infoLibre Así es, pero si que hay quien te roba la ilusión con mentiras y malas artes políticas",NEU
"En  @UPyD  seguiremos siendo #LIBRES , independientes, responsables únicamente ante la ciudadanía a la que nos debemos. http://t.co/6PCMDAbfgx",P
@Mhemeroteca @mrgifted  @PPopular  qué vergüenza!,N
IU  ARRIBA   https://t.co/4nsgfbB0sW,P
"@UPyD @UPyDAsturias y de los fondos que algún grupo se gasto en ladrillo, que era para proteger a personas?, ya el  PP  no responde, pregúnten",N
A por el cambio sensato! Gracias  @Albert_Rivera   @Cs_BCNA   @CiudadanosCs  http://t.co/cFx2p5Vl3G,P
"@rosadiezupyd  @cmgorriaran Claro que sí, los que no se merecen que digas que Gallego tiene una connotación peyorativa son los de Lugo.",N
¿Se compromete  @Pablo_Iglesias_ @ahorapodemos  a una #CandidaturaSostenible en Autonómicas? http://t.co/yXw4nMdfdo http://t.co/A3W9lIlIl5,NEU
".@NicodeMig  @CiudadanosCs Euskadi  ""mostramos nuestro compromiso con las pymes como motor de desarrollo fundamental del tejido económico""",NEU
"España necesita partidos #libres. Libres de complejos, libres de ataduras, libres de las oligarquías, libres de corrupción.  @UPyD  lo es.",P
@agarzon  me parece usted un político honesto de los que apenas quedan pero veo difícil el tema del millón de empleo público y mantenerlo...,NEU
#FelizDiaDelLibro #DiadelLibroCs Apostamos por el Desarrollo y Gestión del Conocimiento @CiudadanosCs  @CsCanarias  http://t.co/gtSNKfFPNe,P
"@Mhemeroteca @cmgorriaran  @PPopular  No son sino una mala melodía, no tienen ni ritmo ni compás.",N
"-@rosadiezupyd lamenta que el # empleo  no termine de estabilizarse y dice que el  #paro  ""sigue siendo dramático"" http://t.co/1xdS3UjJWk #EPA",N
@BobPopENELAIRE la diferencias entre Superman y Batman están claras. El primero es de  @UPyD  y el segundo del  PP  con cuentas en Suiza,N
@ANGELJREP  @Albert_Rivera  Y como me gusta y visito mucho esa ciudad se que no todos son como tu,N
". @CiudadanosCs  ¿me podéis explicar por q presentáis a una ""catalanista"" a la presidencia de la GValenciana? http://t.co/Zswvz3eTBI",N
@jorgevalenciai @cmgorriaran  @UPyD  muy bien dicho compañero. Un abrazo,P
". @UPyD  presenta más de 400 medidas para ser ""decisivos"" en la Comunidad: http://t.co/i8SLUSdhuo vía @LaVanguardia",NEU
"@cmgorriaran @calasevi  @UPyD  lo de su sueldo suena abroma de mal gusto, el resto una actitud nada democratica",NEU
«Déficit hídrico es una amenaza para  economía regional » @cesarnebot @UPyD en @laverdad_es http://t.co/FyW4FnRqY4 http://t.co/3R03Zj1PY4,N
"@amnistiaespana @MesaDefensaSani  @marianorajoy  LE VENDA ARMAS A ISRAEL Y PIDAMOS DINERO X LA MUERTE DE UN ESPAÑOL, LE VENDA ARMAS VENEZUELA",N
@PedroAGarcia75 (@UPyD) propone bajar y crear un nuevo  parque de seguridad  en la presentación de su programa  http://t.co/F2CaMq5C3a,NEU
Dice el ministro  Wert  que Habrá  educación audiovisual  en Bachillerato y Secundaria para aprender a 'amar el cine' http://t.co/Z6NZNKKgEL,NEU
@cmgorriaran  @UPyD_Jerez @UPyD ¿y tu no te vas a Ciudadanos hijo? Porque gente que desprotican por esa boca como tu estan mejor en otro lao,N
@PPopular  Yo me cago en vuestra Mldita y Ptsma Madre q os parió. Kbronazos,N
"@Albert_Rivera  @LadyStarlight4 Eso, destruyamos el mundo por una causa justa!",N
"En Exposaldo. X una  administración  más flexible, sensible con gente y comercio#LaPalma@UPyD #ReconstruyendoLosLlanos http://t.co/Gwnwog5emn",P
@logitecnullnet @Pablo_Iglesias_  las trampas  esta claro q triunfan en PPSOE pero no en podemos me alegro por ello,N
@Pablo_Iglesias_  @CorruptionTimes @flameycitron y dicen que no hay dinero para los enfermos de Hepatitis C,N
@variedades1961 @cmgorriaran Deberíamos serlo . Por eso existe @UPyD Su lucha se centra en buscar esa  igualdad  .,P
@Yaoslodijeee @UPyD Ya hemos pedido que se arregle el  asfaltado del carril bici  existente en varias ocasiones.,P
@variedades1961 @cmgorriaran @UPyD pero al quiere  respeto  para usted ( lo debido )  tengalo con los demás .,N
.@marianorajoy No dejemos que el  Mediterráneo sea el cementerio de Europa  #SOSEurope http://t.co/wpUauJTBzr,NEU
@CocaColaFuenla @CocaColaFuenla @ggilmir @agarzon #Noalcierredebosal2  el campamento esta en marcha  http://t.co/fkAPnJ2YYo,P
.@UPyD colaborará con UAM para convertir #Alcobendas en  ciudad universitaria  si gana las elecciones http://t.co/71Rl5RWoJB @LaVanguardia,NEU
Una biografía retrata a  Iglesias  como el sucesor aventajado y díscolo de Anguita: http://t.co/vk6K9m8AXy @Pablo_Iglesias_ !,P
@UPyD abandona 9 casos  corrupción  por falta recursos http://t.co/o4WAASKQxg Enhorabuena a casta y medios por su manipulación d la masa dócil,NEU
@marianorajoy   Adelante Presidente . Las mujeres de #SantaPola contigo. #TrabajarHacerCrecer,P
.@PSOE @sanchezcastejon El Gobierno de  @marianorajoy  es quien más medidas contra la corrupción ha aprobado http://t.co/uaUXc8jXEI,P
"@Pablomovellan  @UPyD  hay cosas que simplemente dan ASCO, esto es una de ellas, espero que desaparezcais como dicen las encuestas,adiós UPYD",N
". @micaela_navarro  presidenta del  @PSOE  nos está visitando en la mañana de hoy, acompañada por @DiegoJMateos http://t.co/KOmndCWI60",NEU
@agarzon  «Reducir los ruidos en la estación de trenes de Alicante que se producen desde las 4h hasta las 00h» https://t.co/tbaqF1NKD9,P
Diez huelgas de Educación en Aragón desde que  Wert  es ministro http://t.co/HLBGTiC4pk vía @eldiarioaragon,N
".@marianorajoy decís que no vais a publicar los  datos fiscales  de nadie, que eso no está bien y tal, y con @MonederoJC qué hicistéis?",N
"La ""Marca España"" que vende el @PPopular Según New York Times la  ley mordaza  es más propia del Franquismo. http://t.co/jfLjFAakXg",N
@Albert_Rivera un poco decepcionado...te parece proteger el  talento y el esfuerzo  gravar con el 42% a los que ganan mas del 75%? a mi NO,N
Pujalte  ocultó al Congreso que asesoraba a firmas con vínculos con la Administración http://t.co/WOpdGMGIYZ @UPyD,N
@VictorLDelgado @DesdemiCamara  @UPyD  the sun is shining!,P
"@txusmoralesyera @Albert_Rivera @CiudadanosCs.Mejor  mafias  que se lucran de trabajo de otras personas en condiciones infrahumanas,no Jesús?",N
"@CiudadanosCs @lugaricano ¿cree q la  clase media  está esperando q le bajen los precios de coches o videojuegos y le suban: pan,leche,huevos?",N
@elperiodico ya se le acabó el encanto  @PPopular  mas vale que lea y se forme aprovechando que hoy es #FelizDiaDelLibro,N
"Albert Rivera , entrenándose en  el ejercicio de la ubicuidad. Lo va a necesitar... https://t.co/lSdg53g88U",NEU
@pp @psoe @iu  @antena3com  @ritabarbera   @marianorajoy   @ximopuig  @ocrsagunto 222 despedidos en enero por BOSAL https://t.co/zRtDhptYkZ,N
"@ahorapodemos  En cambio vuestra ética pasa por estar al lado de una panda de monos, que roban y ejecutan http://t.co/sY8vAMyrUq",N
"@CiudadanosCs ¿no sois  un partido pro-unidad de España? ¿no lucháis contra los separatismo? En Valencia, así vais mal #nosomoscatalanes",N
EL  @PSOE  es el partido más transparente. Compruébalo. http://t.co/SXy6QYnQ3R. No te van a quedar dudas.  https://t.co/hD50NpRiH2,P
@UPyD_AytoMadrid @davidortegaUPyD @UPyD  Queremos propuestas concretas y menos palabrería!,N
Carmona  pacta para no ser imputado en vísperas del 24-M http://t.co/RumajxnT4M @PSOE,N
@PPopular #TrabajarHacerCrecer es THC (http://t.co/OLMd7cHyQc) ¿Eso no es lo quiere legalizar @CiudadanosCs? Os crecen los enanos...,N
@Albert_Rivera  te has columpiado en elección cargos parlament illes Baleares,N
"Naranjas  y  menos debere s, la propuesta de @ahorapodemos en Valencia. Analizamos la medida http://t.co/mBg2muEx1V",NEU
"@juan_mesia  @marianorajoy  jaja, cuenta la leyenda que  Rajoy  solo lee prensa deportiva",N
"@cecimerello @HidalgoDepucela @Albert_Rivera Los  políticos buenos  son los que solucionan problemas, es lo k quiere la gente.",NEU
Pujalte  es otro sinvergüenza más del @PPopular.,N
"@CastellSer93 @Albert_Rivera Pablo Iglesias el libro, Monedero el libro, Rivera el libro, Cospedal el libro... Anda qué... Menuda panda .",NEU
"@Albert_Rivera  @CiudadanosCs no me digas !!! Entre tu y @epunset  ya llevo el dia del revessss, que envidia los barceloneses me dan..",N
"@desdelamoncloa  @PPopular   Los casos d corrupción crecen a 1 ritmo d 4 casos/semana, con 1 media de 600Mill robados http://t.co/VYom1NKmvB",N
@agarzon  Me has decepcionado,N
"@ahorapodemos @ierrejon Pues se puede meter el apoyo por su puto culo, el traidor este de mierda.",N
"@voz_populi @PPopular  29200  primos , amantes, sobrinos, hijos de los q gobiernan les han  encontrado trabajo",N
"La  comunicación  del @PPopular se estudiará en las universidades como ejemplo de lo peor no, lo siguiente!!!??????????????",N
@marianorajoy  vete a tu casa de una puta vez!,N
"@Albert_Rivera Por favor, insistir mucho en que el pago TOTAL y GLOBAL de  iva  por persona será menor, de lo contrario no se entiende.ANIMO.",NEU
"@Pablo_Iglesias_  @CorruptionTimes el cinismo es tal, q son capaces de decir ""con nosotros la economía va tan bien que robamos sin q se note""",N
Si situamos a España dentro dl continente africano estaría considerado un Estado Fallido.  @PPopular/@PSOE  responsables por acción y omisión,N
"@UPyD_Madrid @ramonmarcos @UPyD VIVA UPYD Y VIVA LA  LIBERTAD  Y LA  LIMPIEZ A, ES MUY RESFRESCANTE.",P
"@CiudadanosCs ummmm sólo 157  seguidores  y te van a votar igualk que a podemos?, no me salen las cuentas jajajaj ni creo que a vos tampoco",N
Necesitamos difusión de este  escándalo  de sobras sabido por aquí... @_anapastor_  @jordievole @agarzon @GLlamazares  https://t.co/Ov1PDwBZWZ,N
@marianorajoy  lo que de verdad hace falta es vosotros trabajéis más y robéis menos.,N
"@lematelot49 @ahorapodemos llevo toda mi vida acompañado de esa palabra "" crisis "" para que me vengan con milongas la OCDE",N
@raskaypika2003 @cmgorriaran @UPyD  @Gorka_Ma  ¿CANDIDATO A LEHENDAKARI? Pero cojones: Si tengo yo más posbilidad de llegar a la Luna a pedos.,N
@marianorajoy  Estamos muy satisfechos,P
"@Pablo_Iglesias_  Te invito a coger el dinero que recibís de Venezuela,de las becas universitarias que habeis recibido,sueldos, y donarlo",N
"@marianorajoy  en Noviembre tu pierdes uno de tus trabajos Marianico. Pero bueno,  seguirás coBrando Bien no??",N
"@marianorajoy Medio millón de  empleos , si de gestores en suiza.",N
@DebatAlRojoVivo @_anapastor_ @cayo_lara @sanchezcastejon @marianorajoy @La_SER TENEMOS LA BOTA SOBRE NUESTRA CABEZA ¿ESPERAMOS Q APRIETEN?,N
"@ciudadanoscs @albert_rivera Ciudadanos es la  oposición  sensata a @ahorapodemos?El Sistema sigue,la derecha contra la izquierda.Teatro puro",N
"El Congreso condena los  crímenes de ETA  y apoya que se investigue sobre si hubo genocidio, gracias a @UPyD http://t.co/ffRuOjoP2m #LIBRES",P
@la_tuerka @Pablo_Iglesias_ dice conocer la realidad social de los más necesitados pero calla ante  asesinato de miles de cristianos  por ISIS,N
@iunida @GLlamazares Denuncia ante la JEC  las trabas a los emigrantes  para votar el 24M http://t.co/TKhhz3eM2P,N
@ahorapodemos  @JoseManuel_Lop @DebatAlRojoVivo Espero que se hable sobre Venezuela porque va a ser vuestro grano.,N
@PsoeBenalmadena @PSOE @psoeandalucia  = #corrupcion #clientelismo #EREs #formacion #cancerdeandalucia Mayor tasa de paro d Europa,N
"@PSOEeconomia @PSOE ¿Os acordaís de esta frase de Celestino Corbacho?"" de ninguna manera"" se llegaría a los 4 millones de  desempleados.",N
"Ante la  corrupción : transparencia, echar a la derecha corrupta e iniciar un proceso constituyente https://t.co/0LEmeUxKqK @EUiA_cat @iunida",N
"@emilio2114 @CocaColaFuenla @ggilmir @agarzon.  Espectacular , campeones. Fuerza",P
"@charneguet @PeonesNegros Preguntémoslo a  @CiudadanosCs   @Albert_Rivera  a los  Pablemos  me da igual, no me interesan nada.",N
No más muertes en el #Mediterráneo @JunckerEU  @marianorajoy  #nomásmuertes https://t.co/cRELCTlKv4 vía @change_es,N
"@marianorajoy @PPopular  Vemos la posibilidad de robar unos 600 Millones/semana, no es un sueño, es una realidad. #Corrupcion #precariedad",N
La única diferencia entre  @CiudadanosCs  y  @PPopular  es que los primeros no rezan el Padrenuestro antes de darte por el culo.,N
Felipe González dispone de abundante información para arremeter contra  @Pablo_Iglesias _ http://t.co/CL0gWdYnbv,N
@PSOE  más vale que se preocuparan de quien va en sus listas municipales que es vergonzoso lo que está pasando en algunos pueblos asco da,N
"@CiudadanosCs @Albert_Rivera @HoyPorHoy dependen de paguitas, quito de aquí y pongo allí , que esto ya nos suena en  Andalucía .",N
A los que siguen insistiendo en que ataco a @agarzon repetirles que  posicionarse políticamente  no es atacar a nadie en lo personal,P
Buscamos personas que no quieran seguir pagando esto. en @upyd somos # LIBRES  http://t.co/lFWvvFGofU,P
"Manuel de la Rocha, secretario de Economía del @PSOE , firma la  ILP  #NOALCOPAGOCONFISCATORIO http://t.co/rollZnyarx",NEU
#TrabajarHacerCrecer @imbrodamelilla 551 medidas  tomará el  @PPopular  para mejorar el bienestar de los melillenses http://t.co/Uw2XXfKlxZ,P
". @Albert_Rivera  La ""Economía del conocimiento"": Educación, Tecnología y Ciencia, es el futuro  http://t.co/FtAp1vITbd ",NEU
"@marianorajoy  PINOCHO, QUE POCO TE QUEDA!!!!!",N
@mdcospedal @PPopular Pero sabe donde esta el Toboso? Entre  saqueo  y saqueo lo mismo se equivoca....la geografia tampoco es su fuerte.,N
En antiguo Banco España #Ourense @sanchezcastejon y @jrgomezbesteiro acompañando a @Javbarquero y su  candidatura  http://t.co/h8Ner0PNly,NEU
@agarzon y a Barcelona  vienes  próximamente??,NEU
@mgomezfatima @m_degracia  @iunida  @GLlamazares No hay el por que darlas.,NEU
Mal  vamos Albertito... https://t.co/n2gAu1NOfn,N
Vas a tener una opción: un partido  LIBRE . De personas como tu. #CandidatosUpyDalicante @UPyD http://t.co/VBcEwF82CB,P
?? @rosadiezupyd un compañero/a de gym te ha mandado: Si fueras helado te  comería  hasta el palo.,P
"@rosadiezupyd Genocidio,  inutil ? Deberían darte con el diccionario en la cabeza hasta que aprendas a diferenciar conceptos.",N
@marianorajoy  Fijo que la oficina es de atrezo y en el ordenador solo tienes el buscaminas.,N
Gracias @PPopular @PSOE nos habeis llevado a lo + alto n niveles d  corrupcion .  #cambio @CiudadanosCs @Albert_Rivera https://t.co/Zr9MfmcQ8q,N
"@PPopular Que sinverguenzas sois,no habláis de los que hemos sido  despedidos  con vuestra RL teniendo un empleo de calidad...sois basura.",N
¿Que es # Ciudadanos ?  Conoce nuestro proyecto  de la mano de  @Albert_Rivera  https://t.co/Vvb11yLFm7 #Benalmadena,NEU
@sanchezcastejon @AmparoRubiales  Pues con eso empeora la  reputación  de honestidad y además pierde  votos  Buenísimo para que salga de presi,N
"""@TAMARA_SUJU: ABC: Los 10 insultos más sonados de Maduro contra las autoridades Españolas: http://t.co/sbjdR8cTQR""  @marianorajoy",N
".@lgm_com útil y necesario, sin @IUCM  no habrá cambio  en comunidad no ayuntamiento, le pese a quien le pese. @iunida",P
"""La política, debe gestionar la  economía  y no al revés"" http://t.co/N6RTZ1McnL @fec_fundacion @iunida",N
"@rosadiezupyd no vamos a decir nada del franquismo no vaya ser q salgan trapos sucios, eh  Ros a?",N
@lgm_com @iunida Pues Goytisolo está con  Podemos . Oígase final discursazo del Cervantes '14.  Wert  responde patéticamente:Almería pujante hoy,P
"Cuando digo que @CiudadanosCs al menos nos trata como a adultos en sus  propuesta s, me refiero precisamente a esto. http://t.co/ooecu4emxq",P
"«Nuestro trabajo es nuestro aval, somos  honrados ,  insobornables  y creemos que necesarios» @rubenjuans @UPyD http://t.co/ycm3Nb36kS",P
"Esa gentuza recibirá su merecido por sus  crímenes contra LA PATRIA,  seguid así amigos. Todo mi apoyo! @UPyD",P
"@AntolinSanzPP  : El  paro  juvenil baja en 31.600 personas en el primer trimestre"" vía @PPopular #TrabajarHacerCrecer http://t.co/VyLyGAxA0H",P
"No se si reir o llorar, a que  IU  se refiere, a la IUCM de @RaquelLopezIU  o la de @mvalienteots  o @bcnencomu ? https://t.co/j4c4j7NJmj",N
"@AntolinSanzPP  : El  paro  juvenil baja en 31.600 personas en el primer trimestre"" vía @PPopular #TrabajarHacerCrecer http://t.co/cgfEYCNxBC",P
@danielortizguer @Alatriste_66 @cchurruca  @sanchezcastejon   ¿cuál es el problema? Adolfo Suárez forma parte de la historia del 3-Marzo.,NEU
"#mandahuevosARV  Trillos, Pujaltes, y todos los demás . Luego nos dirán que la  CASTA  es un invento de @ahorapodemos",N
"RT @Herzogoff:  Incompatibilidades de diputado s: todos hablan, pero solo @UPyD ha propuesto mejorar, PROHIBIENDO SOBRESUELDOS.",P
"@bolsamania Pues como esa ""info"" sobre #PODEMOS se la haya pasado Montoya, nos vamos a reir mucho dl  #PSOE!!  XDDDDDDDDDDDD @Pablo_Iglesias_",N
"@UPyD no decís la verdad Según los promotores d la  propuesta contra ETA  en Navarra, Rosa10 la ha copiado (y pifiado) x afán d protagonismo !",N
@AreadeNoticias Se les ve el plumero: más bien lo que pretenden con tanta intromisión en Venezuela es machacar a  PODEMOS  @ahorapodemos,P
"""El PP  no se preocupa  en realidad por las familias españolas"" http://t.co/MLPfcDEzp9 vía @upyd",N
RT @UPyD: UPyD y ALDE advierten al Consejo de la  necesidad de un cambio radical  en inmigración y asilo http://t.co/qf8zqJl4nk,NEU
Mientras exista  @UPyD  ninguna víctima estará sola. Porque sólo siendo #libres se defiende y consigue lo que es justo https://t.co/rhjkht47ZI,P
Programa electoral  de UPyD-Guadarrama (1ª parte): Un futuro en manos de nuestros niños http://t.co/DxVrxeop9U vía @UPyD,NEU
".@rosadiezupyd cree que el  Gobierno  debe asumir ""responsabilidades políticas"" por los casos de corrupción @UPyD",N
"Mapa con el ""batiburrillo"" d partidos que ha absorbido  @CiudadanosCs  frente a  @UPyD  que se mantiene #Libres @mpalcedo http://t.co/sYQYv0zSjz",N
@virginut mira ver que los de  @ahorapodemos  quieren dar zumos a los niños http://t.co/jljczZv7cx Mejor darle una pieza de fruta.,N
Mi  @ppopula r diciendo una cosa y la contraria en dos dias @Mhemeroteca #marcaespaña #RitaLeaks http://t.co/BjEwl2khQL,N
"@iunida   Y en ellas habéis gobernado vosotros, no os cae la cara de vergüenza.",N
@yomanoliyo @el_pais Primero le quieren dar la Presidencia y despues los quieren echar de la Mesa. Que partido mas asqueroso este  @PPopular,N
". @UPyD Con respeto y animo de ayudar: en la foto del tuit lo que se lee, por la composición de la misma, es justo lo contrario. ""No  libres""",N
Felicitamos a  @EsperanzAguirre  por su magnífica actuación con los energúmenos que intentaron boicotearla en Villaverde. @ppmadrid @PPopular,P
"@CiudadanosCs  no me alteres los impuestos de los productos básicos, que sino me pienso en votarte!!!",N
@PPopular Espero que Aznar no se haga complice de este pp  abortista .  El PP recurre a Aznar para recuperar| EL PAÍS - http://t.co/0BqWEyrUcy,N
"DIRECTO @alfonsomerlos: ""@sanchezcastejon votó proteger la entidad de los  defraudadores""  #MCAAmnistia",N
@marianorajoy Espero que Aznar no se haga complice de este  pp  abortista.  El PP recurre a Aznar | EL PAÍS - http://t.co/0BqWEyrUcy,N
"@agarzon los has llamado  criminales . Eres lo que eres, no hace falta disimular.",N
"@marianorajoy Sube la temporalidad: del total de  contratos  firmados en marzo, un 90% fueron temporales",NEU
"La dictadura de las  multinacionales  http://t.co/1NcwgXm5Sx #NoalTTIP, con el apoyo de @PPopular, @PSOE, @CiudadanosCs y @ciu.",N
"@marianorajoy Sube la  parcialidad  y, como consecuencia, aumenta el  pluriempleo",P
Las declaraciones de  @agarzon  sobre Messi son pura demagogia (el mayor declarante español).  Has perdido un posible votante!! Uno más...,N
UPyD  Logroño defiende reducir el número de asesores y cargos de confianza en el Ayuntamiento  http://t.co/rBH7kgOlbC vía @upyd,NEU
Enmienda 61 #LCM: hay que ir más allá:  titulación de grado  para los suboficiales http://t.co/mqnRT7YyyI @Defensagob @PPopular,NEU
"Norte, Sur, Este y Oeste.  @UPyD  estamos por toda España, #Seguimos  Con más ganas e ilusión que nunca @JulianUPyD http://t.co/rqu0xQRujF",P
@UPyD_Madrid @ramonmarcos @UPyD  Vaya!. Asi q proponen más subidas de impuestos???,N
@rosadiezupyd  Con lo que tu has sido Rosa y al final has caido en el mismo juego sucio que los que tanto has criticado...Un saludo,N
"@cecimerello @soniasi02  @Albert_Rivera  Si se quiere recaudar más, la gente debe ganar más dinero sin subir tipos impositivos",N
"@ahorapodemos  @JoseManuel_Lop Por eso os agradecemos , que en su mayoría vosotros solo metieseis mano en en dinero de los pobres venezolanos",N
Entre todos conseguiremos que este partido sea puntero  @UPyD   @UPyD_AytoMadrid   @UPyD_Madrid  @lozanoirene,P
"@CrisChamorrom @davidortegaUPyD @gitanos_org David,ánimo vente a @vox_es q defendemos a los mas débiles empezando x el concebido y  @UPyD   no",N
@ahorapodemos @JoseManuel_Lop Demasiado suave. Más caña sobre la diferencia entre cómo se trató a  @MonederoJC   y cómo se trata a  Trillo,P
@marianorajoy  eso sin contar lo que supuestamente recibe del registro de la propiedad donde era titular? #España  https://t.co/wMq3hF0c5j,N
#Arroyomolinos lo que le interesa al ciudadano son Políticos cercanos que se interesen y preocupen por sus problemas  @UPyD  VECINOS COMO TU,P
@sanchezcastejon  Pedro aunque en España allá dinero para Rato me teles caña que no saquen la cabeza un saludo  PRESIDENTE,P
"@lgm_com @GLlamazares @iunida se unirán PP Y PSOE, con tal de seguir con el  bipartidismo  35 años más. Son todos de la misma moral, y color",N
""" Televisión Española (TVE) se desmelena con  @Albert_Rivera  "" https://t.co/C8m7kvaGnH vía @sharethis @CiudadanosCs http://t.co/doqMBJqMIK",NEU
#TrabajarHacerCrecer @imbrodamelilla  los protagonistas para el   @PPopular  son y serán siempre  la gente necesitada http://t.co/Twu5N5jPS3,P
"Estrategias digital públicas en  Sanidad , tanto del Ministerio como del Ministro  @AlfonsoAlonsoPP  , innecesario http://t.co/p2AnDyMiyd",NEU
". @UPyD  pone en marcha una nueva actividad ""En casa con UPyD"" http://t.co/m224pQy3CC @lavozdehoy @ElRinconHabla @dbollero",NEU
@sanchezcastejon  Copiando ideas de Podemos. Como debe de ser,N
@sanchezcastejon  aquí en Andalucía si que sois transparentes....que bien os la pasabais con el dinero de los parados...sinverg?enzas,N
@RSanEmeterioP @UPyD @UPyDCantabria   #Sembrandofuturo a pesar de la tormenta. #seguimos y #somosfuertes,P
@ahorapodemos  Los de Cádiz a quién votamos a #PorCádizSiSePuede o a  #GANEMOS no me queda claro quien os representa mejor!,NEU
@AntonioMaestre  @rosadiezupyd  ¿llaman genocidio a lo de ETA? Hoy Sant Jordi y  día del libro  que se compren un diccionario,N
Las  pruebas externas  constarán de 350 preguntas de siete asignaturas http://t.co/Xp3G1KShR3 #educación #wert #lomce,NEU
"La  ley mordaza  es una ley franquista, solo el  @PPopular  podía aprobar esta ley. @PPopular @_susanadiaz @TeresaRodr_",N
Lo que sabían Rajoy y Montoro http://t.co/MTfsIG7z5l vía @el_pais estos pájaros del  @Ppopular  son unos sinvergüenzas.,N
"@sanchezcastejon @Montse_mcm No es nuestra  fiesta  Señor Sanchez,en León no queremos saber nada de esta fiesta que lleva 30años oprimiendonos",N
"Todos tenemos un  pasado  @ahorapodemos ,que se le digan @CiutadansCs http://t.co/TaIUGk7FHo",NEU
"Eso es,  @PPopular . Trabajo duro. Enhorabuena y gracias por decirlo tan claro: http://t.co/YL73BxAyY0",P
INTERVIEW: We spoke to Professor Crameri about how @ahorapodemos  subverted the established media : https://t.co/t7s2EGMsQe #catalonia #GE15,NEU
"@MasClaro13tv El  @PSOE  no tiene doble moral, tiene bipolaridad esquizofrénica respaldada por periodismo a sueldo",N
@sanchezcastejon  maestro desmantele al PP. Siga así.,P
". @marianorajoy  ""Debemos celebrar las cifras dla EPA,son las mejores dsde q comenzó la crisis"" http://t.co/zN5z8hGDje  A LA PUTA CALLE",N
@PSOE @sanchezcastejon  ..explica esto y no los borres como soléis hacer http://t.co/Uv9gxQdoRz,N
Presente @MartaNebot  @marianorajoy  Piensan q somos tontos?,N
"Todos tenemos un pasado no??,,que se lo digan a  @Albert_Rivera  @_javiercardenas @larazon_es  @ahorapodemos  http://t.co/YsxsTY3MH3",N
"@El_Intermedio hahahah  Si es así, veremos a  @marianorajoy  lívido. Jajaja ah a  Ojalá la tengáis. A las 21:30 como un clavo frente la ??",N
#SantJordi La rosa que no nos gusta:  @rosadiezupyd  http://t.co/aanH61ZiYm,N
"@Delote @rosadiezupyd faltan cosas xlimar, pero tampoco me fiaría mucho de  1partido  que se nutre básicamente de prófugos con ganas de poder.",N
"@DebatAlRojoVivo @iescolar  @marianorajoy   Es que para algunos nunca acierta...solo aciertan ""los suyos"", vamos lo de la gata flora",N
"@isaranjuez @iescolar @marianorajoy RUEDA DE PRENSA DE  RAJO Y, EL SIEMPRE DA LA CARA A LA CAMARA AL PUEBLO NUNCA.",N
"@UPyD_AytoMadrid @UPyD @davidortegaUPyD @UPyD_Madrid  X favor,presenten el estudio sobre el q se sustenta esta propuesta.No parece viable!!",N
Para  @PSOE  si mejoran las cifras de  paro  es por factores coyunturales externos. Si las cifran empeoran es culpa de  Rajo y. Pena de  oposición .,N
@marianorajoy  Sr. RAJOY  es ir en el buen camino crear  empleo  explotar y reventar y hacer llorar cada dia al trabajador al volver  a casa?,N
UPyD  ganó 5 sentencias en el Constitucional sobre funcionamiento de Asamblea http://t.co/eD2zf3KH8L vía @upyd,NEU
@Pablo_Iglesias_ gracias te agradezco q me avises ya puse la tv. Las ideas q he podido escuchar en otras ocasiones tienen mucha  lógica,P
@coloraitostoy @agarzon Esto es #democracia hombre! ¿no lo sabías? Aquí te pasas y te  encarcelan  como en los viejos tiempos,N
"@desdelamoncloa  @marianorajo y,y os lo creereis.Eah,eah...ya pasó.",N
Guillermo Catalán  encabezará la candidatura de UPyD para el Ayuntamiento de Haro http://t.co/assz5uLmti vía @upyd,NEU
@emiliaesteban @ahorapodemos @Podemos_CyL @PonfePodemos El PP va a suspender las próximas  elecciones generales  https://t.co/1YWcldtoQB,N
@OU24M: Más de media hora de retraso  acto  @PSdeG_Ourense con @sanchezcastejon @jrgomezbesteiro y @Javbarquero en Ourense ????LE FALLÓ EL GPS,N
@ahorapodemos @Pablo_Iglesias_ @JoseManuel_Lop @DebatAlRojoVivo   Los  diputados  autonómicos (cont) http://t.co/JAn755XGIJ,NEU
@cristia52971311 @isaranjuez @iescolar @marianorajoy SIN DUDA PORQUE  INTELIGENCIA  NUNCA TUVO.,N
"""En este país, si te llamas Messi no entras en la cárcel"" dice  @agarzon  de  @iunida  ¿Y si te llamas Rubén Castro qué? ?http://t.co/N3k0whLLTh",N
@CiudadanosCs  Hipocresía es firmar y desear feliz día del libro cuando proponéis subir el IVA de los mismos del 4 al 7% #DiaDelLibroCs,N
@QuemaoEsPoco @DebatAlRojoVivo @JoseManuel_Lop yo no votaré a @CiudadanosCs porke esta cometiendo 1 grave error subiendo el  IVA  a la comida.,N
"@JuanfraEscudero @Cs_Alicante @CiudadanosCs si bueno, con esa reducción lo de subir el  IVA  de los alimentos básicos no parece tan grave.",NEU
".@LadyStarlight4 Con todo lo que implica, "" España se constituye en un Estado social y democrático... "" @Borja_ALVA @Albert_Rivera @Delsurgr",P
"El  @PPopular  no hace presencia en el debate a pesar de ser reiteradamente invitados, según nos aclara el moderador.",N
@Albert_Rivera asegura que con la  reforma fiscal  de Ciudadanos el paro bajaría al 10% http://t.co/WlJrZrsaPH,P
"De hombres es errar y de sabios rectificar, pero algunos no lo entienden y justifican el error  @sanchezcastejon",P
@ahorapodemos @publico_es mas o menos como lo de monedero no??es legal pero no  ético,N
@marianorajoy  callate,N
"¿Lo mejor de  @UPyD ? Que somos LIBRES y nuestras políticas son para las personas, no para los lobbies  # CandidatosUpyDalicante   @UPyDAlicante",P
El secret. de  Economía  del  @PSOE  se suma a la campaña del @CERMI_estatal contra el copago http://t.co/XlcEm0rsbY #NOALCOPAGOCONFISCATORIO,NEU
"Hay tontos, que tontos son...tontos que tontos nacen...pero hay tontos que tontos hacen a los que tontos no son.  @CiudadanosCs  te hace tonto",N
"@ahorapodemos podiais proponer la legalizacion de la  marihuana  junto con  upyd  y  izkierda unida  son muchas las ventajas y el 52,8% la quiere",NEU
@sanchezcastejon  Bien  Pedro  estamos con tigo TRANSPARENCIA con mayúsculas sobretodo. Man que le duela  algunos.,P
"@PSOE  Cien años de honradez...a partir de hoy. Bueno, ya se sabe q estas cosas son relativas y nadie está libre d garbanzos negros..bla, bla",N
"@inigocaravaca @andresysara10 @Albert_Rivera @PSOE @PPopular @ahorapodemos Y  @Albert_Rivera  pactando con los ""truño"" y corruptos  PSOE",N
@inigocaravaca @andresysara10 @Albert_Rivera @PSOE @PPopular @ahorapodemos Solo en #Andalucía  6000 millones  defraudados  PSOE,N
@SanchezMancebo @sanchezcastejon mientras no saquee a  España,NEU
"@inigocaravaca @andresysara10 @Albert_Rivera @PSOE @PPopular @ahorapodemos  #ERE   fraudes curos formación   Griñan   Chaves ,sobres,coca,putas.",N
@inigocaravaca @andresysara10 @Albert_Rivera @PSOE @PPopular @ahorapodemos Lo del  PSOE  es más grave al robar a los  parados  y  jubilados .,N
Llega la  regeneración  buen entendida desde  @CiudadanosCs  Adivine bajo que cubilete está el imputado http://t.co/Qt3nN6pwMp,P
"Si como nosotros crees que merece la pena seguir luchando por tu país junto a  @UPyD , ayúdanos a contarlo http://t.co/tqiwv6YqlF",P
@Juan_elportero  @CiudadanosCs  si pero no nos vengas con lo de ...mas vale lo malo conocido....ni hablar!!!,NEU
"No se puede comparar @Anasalbcn @PSOE nunca en la historia de la democracia, hubo tanto  corruPPto  en un mismo partido ¡Y no se acaban!",N
"@inigocaravaca @andresysara10 @Albert_Rivera @PSOE @PPopular @ahorapodemos Sí,6000 millones defraudado del  PSOE  es astronómico.",N
@RamnCasares @andresysara10 @Albert_Rivera @PSOE @PPopular @ahorapodemos creo que estas perdiendo el hijo.  Votare  a Ciudadanos,P
@inigocaravaca @andresysara10 @Albert_Rivera @PSOE @PPopular @ahorapodemos Los que pactan con la corrupcón de  @_susanadiaz  6000 millones,N
"Verás @inigocaravaca , @Albert_Rivera  quiere formar un pacto contra el  #PP  para acabar con la corrupción con  @PSOE  y  @ahorapodemos  .",N
@MasClaro13tv @FranReyes3 @alfonsomerlos  @agarzon  PARA LOS JUECES EL TERMINO'APOLOGIA'QUE SIGNIFICA?,NEU
"@Pablo_Iglesias _ mucha suerte. Que pronto este mundo tenga una  España  más justa, ojalá republicana.",P
"El origen de la fortuna de los  diputados  del  pp , es de origen sospechoso y no dice nada claro. http://t.co/SYn4fSmCvh @Pablo_Iglesias_",N
"@Pablo_Iglesias_ Y tampoco queremos q se enriquezcan  comunidades  con nuestro  agua , qremos  1 Aragón  verde. ¿Perdiendo votos antes de empezar?",N
"@marisamorenom eso he preguntado siempre, pero me bloquea  @agarzon  @Caninator y hasta la cuenta oficial @ALEASIU",NEU
@Pablo_Iglesias_ No veo nada de la sapiencia de  Aznar  ahí...,N
"@SigfridSoria  @PPopular   1,4 BILLONES DE DEUDA #MarcaEspana",N
@MasClaro13tv @alfonsomerlos  @agarzon  @ElMundoEspana @elmundoes Espero pruebes tu propia medicina. Y que se la prescriban por vía rectal...,N
"@rosadiezupyd  Sin dinero para campañas pero llenos de esperanzas para la regeneracion democratica, un aplauso para nuestros candidatos!",P
Ésta es nuestra esencia. #Libres #HonestosyCapaces @FerJimenRo  @UPyD  http://t.co/468IxDJYsj,P
¿Cuànto ingresaron los candidatos autonómicos del  @PSOE  el último año? http://t.co/ITUvmzbo6z,NEU
Esta mujer es la viva imagen de la soberbia y el cinismo que caracteriza al  @PPopular  https://t.co/t5QWZ4dwGf,N
@sergiofdezp con que el @PSOE no firme el tratado ultra neo #liberal seria 1 punto   #TTIP,N
Otra cagada más de  @UPyD  y  @CiudadanosCs  y eso que venían a cambiar las malas prácticas políticas. Más de lo mismo. https://t.co/lRaBA9wfFa,N
"@PPopular  Convoquen elecciones anticipadas y acaben con estos despropositos. Esramos asqueados, avergonzafis, defraudados.",N
@CiudadanosCs    TELEFONICA ESPLOTA A SU TRABAJADORES EN ESPAÑA  https://t.co/NmzCmqyH8r   CIUDADANS CALLA PK APOYA GRANDES EMPRESAS,N
@Ivan_Pietri @ANDRES_CANO42 @abc_es @elpais_espana @marianorajoy ¡Sálvate ESPAÑA! ¡Sálvate del COMUNISMO de  @ahorapodemos  !,N
Gracias a  @ramonmarcos  de  @UPyD  por hacerse eco de la problemática de los #AgentesForestales en su programa electoral en Madrid. ????,P
@PSOE @sanchezcastejon  como se nota que ya ha empezado la fiesta electoral!!!!,NEU
"@pp @PSOE  @upn_navarra Moción Genocidio ETA 276 votos a favor, 34 votos en contra.Trabajo útil DyJ comprometido con la justicia y víctimas",NEU
"En media hora  en La Vaguada, nuestro candidato  @davidortegaUPyD  te cuenta como vamos a cambiar #Madrid #DavidOrtega2015 #Libres @UPyD",NEU
@tuitocracia @Pablo_Iglesias_ @Albert_Rivera @marianorajoy @ierrejon @agarzon cuando creeis que  Pablo Iglesias  llegara al millon?,NEU
"@AngelaChanningg @JosePerLo  @PPopular  ...y, en politica, la ética debería ser tan importante como la legalidad.",NEU
"@ANGELJREP @Luisggarmi  @Albert_Rivera  Si lo haces Angelin,revisa tu TL y lo veras¿no ves como eres muy tonto ?",N
"Nos dice Comisario Mimica q Comisión Europea pide a estados compromiso c 0,7% AOD. Q posición llevará  @marianorajoy ? http://t.co/8WeeMi1cNM",N
"Si quieres echar una mano al trabajo de  @UPyD  para estar en más instituciones en mayo, aquí: http://t.co/zzYm3PVpIk http://t.co/K8VDe1ojBD",NEU
Politicuchos demagogos en la nómina de los tiranos de Venezuela En cambio genial  @Pablo_Iglesias_,P
"Partido  UPyD , un partido nacional, progresista y transversal. http://t.co/J3KoCpxhsX vía @upyd",NEU
"@paloma_ssm @javipoveda84  @marianorajoy  Pues lo hace,gracias a una legion de analfabetos, nostalgicos del regimen y corruptos de cuello duro",N
@PSOE @sanchezcastejon  por que no aplicais la corrupción sistémica a la  cúpula de la junta de andalucia  sois todos patéticos  pp   PSOE   iu,N
"El lema que inspira la sede de  @CiudadanosCs , la clave del éxito. https://t.co/oVdtgVu64m",N
"@sanchezcastejon  ade+ lxs 1 defendemos la libertad en 2015 nos acusáis de terroristas, y lo habéis firmado vosotrxs también. #CastillaLibre",N
@JESUSJAVIERMNDZ @loqveoenlcamino Q yo sepa  @UPyD  denuncia con hechos toda corrupción-los únicos- e ideología nacionalista q destruye conviv,P
@JASaiz64 @golindelasenda @ahorapodemos Pero las manifestaciones contra el  trasvase Tajo-Segura  reúnen como mucho 10000 personas en Toledo.,NEU
A punto de enpezar acto  @esquerraunida  en Sagunto. @agarzon @iblanco_eu @guillesampedro http://t.co/5lliPmX6Aa,NEU
"Otra demostración de sectarismo, cinismo y odio ficticio de  @agarzon  el que llama asesinos @guardiacivil  https://t.co/qbC3HjXlni",N
@iblanco_eu que grandes sois!! @esquerraunida  @agarzon   @iunida  @JaumeMayor @cayo_lara @Elba_Celo @guillesampedro @JessMonlenPeir @JEUPV,P
"@JASaiz64 @golindelasenda @ahorapodemos De poderes fácticos, mejor no hablar. La mal llamada  Macomunidad de los Regantes del Taibilla  ->",NEU
@marianorajoy  que hace  Trillo  todavía de embajador después de haber cobrado por una asesoría verbal 350.000  @PPopular,N
Estoy empadronado en un municipio donde se presenta  @iunida  sin motes. XD,N
"@policia Al que debían detener es al ministro, que es culpable de los  asesinatos de Ceuta  o @marianorajoy por su apartheid sanitario...",N
@AgenteMahoney  @mdcospedal @PPopular  Es cuando dicen la verdad ??,N
Su Señoría  @agarzon  se alegró de lo que motivó que otros muchos sufrieran @MasClaro13tv @alfonsomerlos @Chema_pv http://t.co/ng3jwV2GqT,N
@sacedator  @agarzon  @Ainhat @Kelpie75 @EstherDPedroche  Escarbando para otra cosa encontré esto: http://t.co/3wj0FbfJWE,NEU
"@ahorapodemos como estan viviendo esta casta a costa de tanta hambre, y miseria, si este pueblo despierta algun dia, Pablo  presidente",P
@JorgeBellver @ritabarbera @DebatAlRojoVivo @cayo_lara @sanchezcastejon BELLVER. Habla d aval en la gestión. ¿Así llama al  expolio  de Vcia?,N
pues yo creo que el  25% que cree que el sol gira alrededor de la tierra  son los  votantes  del @PPopular,N
Somos LIBRES para luchar por el municipio que mereces. Somos  UPyD  Rivas Vaciamadrid... 'gente como tú.' https://t.co/neghIYBvTw,P
"@marianorajoy  @586ca1383e084c8 ?? tiene cojones, ó no tiene cojones el gallego. Encima va d intelectual el menda",N
. @UPyD  defiende el ferrocarril como instrumento clave para el desarrollo económico de #Palencia http://t.co/MgrqdxrYI0,P
"#MálagaDebate Cumplir la  Constitución ? El  @PPopular  debería repasarla, la tiene olvidada https://t.co/wuDAFdtSCJ",N
El @PSOE lanza el mayor  Portal de Transparencia  de la política española. http://t.co/FcOyTWZMr9 #Transparentes https://t.co/s5EXEv9r2Q,P
"@agarzon  No, lo digo porque Messi no sabe ni lo que gana, solo se dedica a jugar al futbol, y compararlo con el ladrón de  Botín  es de necios",N
""" @sanchezcastejon:  Tras apoyar a nuestros candidatos en Ourense, de camino a la Feria del Libro en Ponferrada"" a montarse en la noria",NEU
"@PSOE  y luego Podemos son los populistas, anda a pastar que esto ni es viable ni vais a hacerlo",N
@MVTARDE  @PPopular  mas bien corrompida,N
"Encuentran a  @sanchezcastejon  en Tenerife, en San Juan de la Rambla, dispuesto a comprar libros y rosas.",NEU
El  @PSOE  lanza el mayor Portal de Transparencia de la política española. http://t.co/kPbHVNivnD #Transparentes https://t.co/AQdVPxHBmu,P
"@rubenjuans @EPMurcia lo dicho..  #PPSOE  propuestas inalcanzables y engañosas, en  @UPyD  propuestas realistas y de ayuda al desarrollo",N
El  @PSOE  lanza el mayor Portal de Transparencia de la  política  española. http://t.co/qfGyCsj7Bv,P
@josepguijarro @Albert_Rivera @LorenzoFBueno @brunocardenosa  que orgullo firmar con un señor que dice ciertas cosas sobre  inmigración,N
"Estrategias digital públicas en Sanidad, tanto del Ministerio como del Ministro  @AlfonsoAlonsoPP  , innecesario http://t.co/Wnzl4edljP",N
"@Delote  @rosadiezupyd  Estrategia Simenone: Cuando no puedes con tu rival por las buenas, toca defenderse, embarrar el campo y juego sucio.",N
"@CiudadanosCs  vaya estafa de partido, se creen que somos tontos. #LaHoraAzulPP330  https://t.co/se4I43CSch",N
"#HechosNoPalabras  @UPyD  ha reclamado una Ley contra el maltrato animal, y endurecer sanciones http://t.co/UDA5z57ZrH http://t.co/HBiuikennn",P
Turno para nuestra candidata a la Asamblea de Madrid por  @iunida   @Montse_IzAb   @IUsanblas  http://t.co/CTQWD3Aglx,NEU
@PSOE  y ya mismo invisibles.,N
. @PSOE  lanza el mayor Portal de Transparencia de la política española. http://t.co/lvJdiSkGJt #Transparentes https://t.co/J80d4U5HfM,P
@davidsoria00 @ramonmarcos @VictorLDelgado @UPyD q decir del  PP  a estas alturas todos debieran estar dimitiendo en bloque,N
Os invito a entrar en la web de mi equipo y candidatura  @UPyD  para la Presidencia Com. Madrid http://t.co/uyqAGX3SGe http://t.co/GwZOm1iD5O,NEU
"Contrato Único Indefinido: La solución de  @UPyD  para reactivar, de verdad, el empleo. Es momento de innovar. http://t.co/tpnCoGBWkg",P
@Herzogoff  @UPyD   No hay base de dinero o legal para recurrir?,NEU
"@Paco_Glez_ @UPyD UPYD  hoy hace lo mismo. Deja impune a Mas y a los pujol o a Narcis Serra. Y todp queda en Bankia, que conviene a  Soraya .",N
@Pablo_Iglesias_   Hijo de puta mucho que dices que hay que publicar los sueldos pero lo que ganas de mecánico nada xD http://t.co/lg1NQOdbOG,N
"@iunida  les sobra nuestro dinero, que cutrez.",N
"Que gran verdad.Prioridad privado,el dinero.Prioridad público,el paciente. @SocialistesVa l  @XimoPresident   @PSOE   https://t.co/6Q5GejVtIz",P
El  @PSOE  pone en marcha el mayor portal de #transparencia política de España http://t.co/52eMFg7RDB #AsiSi https://t.co/Ilub4QfRam,P
Dice @Albert_Rivera que con la  reforma fiscal de @CiudadanosCs  el paro bajaría al 10%  http://t.co/VSpinFNyR4,NEU
"@PSOE  vaya, desde cuando un libro se come con lo que está cayendo??",N
"@Modess83 Casi 5 millones (4.970.720) andaluces no  votaron  al  @PSOE  el resto es cosa del sistema electoral, ademas ha sido su peor resultado",N
@sanchezcastejon  Si la Ley no lo permite porque pides una ilegalidad?,N
"@VivalaRepublic1 @CiudadanosCs @ahorapodemos @miguelmacho5029 ¡ Yá, pero los de  C's , yo sé, perfectamente que son unos, fáchas encubiertos.",N
El  portal de transparencia  del @PSOE se olvida de los bienes de la candidata de «Carbayo»,N
La candidata de  @iunida  a la alcaldía del ayuntamiento de Madrid  @RaquelLopezIU   interviene en el acto de San Blas. http://t.co/2pxx4OAHwV,NEU
"@nezarza77  @Albert_Rivera  Según ??la intención de voto,??los trolls,montajes y las mentiras.Yo no creo nada q no esté en el programa oficial",N
@Pablo_Iglesias_ Pablo  esto tiene que acabar ..espero que tu tomes cartas en este asunto.....,N
"pues la junta de #andalucia no lo es ,podeis darle lecciones de  trasnparecia  @PSOESanJeronimo @PSOE",N
"@Albert_Rivera ""Es buen síntoma ir consiguiendo que se hable de  reformas economico-sociales .A ver si se animan otros"" http://t.co/Cp8obxdZr4",P
"""La número tres de @CiudadanosCs de Madrid enmudece ante la  corrupción "" http://t.co/rfJDpdkHwD El millor és el tio: ""para eso votamos al PP""",N
"@serca1 @JJavaloys  @CiudadanosCs  Si es así, propón bajar todos los impuestos y reducir un 50 % el salario de todos los políticos.",N
"Esta vez sí,  @agarzon  en Sagunto. Cerca de 700 personas en el Teatro Begoña del Puerto http://t.co/wzgAGY77MT",P
"@EstherDPedroche @sacedator @marisamorenom @agarzon  De  IU , se les tendría que quitar el sueldo y dejar los escaños.",N
@CarinaMejias  @CiudadanosCs  @CsElMasnou Gracias a ti por tu tiempo!! Espero que nos veamos muy pronto,P
El  @PSOE  lanza el mayor Portal de Transparencia de la política española. http://t.co/3vRWAOQVWw #Transparentes https://t.co/f4DAvGMPa1,P
#CiudadReal Zamora (@PSOE) promete que el  Colegio de la Ferroviaria  se convertirá en la Casa de la Ciudad si gana... http://t.co/Kzb2mEpxAR,NEU
Ahí está el cambio que necesitamos  @agarzon  @guillesampedro @Superchango3 http://t.co/WSaAkxJjVJ,P
#RitaAlcaldesa: Gracias al Gobierno del @PPopular se han salvado las  pensiones  y los  sueldos de los funcionarios;  hay que seguir trabajando.,P
"Hola  @EsperanzAguirre  , asi que si  gobierna   @ahorapodemos  ya no se podrá votar libremente, y no como ahora, ¿no?   http://t.co/Z1sFvmpLNO",N
@marianorajoy   #Siria; Alá/Dios/Cosmos es amor. El amor no juzga. El amor entiende. El amor no hace ningún boicot. El amor no hace guerras..,N
"@agarzon ""El  PP  no quiere que el pueblo haga política"".",N
"@EstherDPedroche NO te hartes, sigamos trabajando por y para  IU  y no les dejemos conseguirlo.  @sacedator @marisamorenom  @agarzon",P
"@EstherDPedroche La debilidad no vale, ahora unión y a trabajar. @sacedator @marisamorenom  @agarzon",P
http://t.co/s6tIGNBx2w Es una pena que  @marianorajoy  no sepa inglés y no pueda leer estas cosas. Se lo resumo: It's very difficult protestar,N
@ahorapodemos  @ierrejon Tambien que las empresas (independientes o no) contactaran si estubieran interesadas seguro que avanzaríamos,P
"@Fercampos45 @sacedator @marisamorenom  @agarzon  qué coño debilidad ... Esto no hay que consentirlo, joder ya. Somos colaboracionistas",N
#sinpudor  Educación  permite un acto a Cifuentes en un instituto pero no a Gabilondo @PSOE @socialistes_cat http://t.co/fVt9qVjSRo  @La_SER,N
Momento de emergencia social. Que ha pasado con el  Articulo 128 Constitución española ? @agarzon @EUMorvedre,N
"@Henrythoreao @Pablo_Iglesias_ es posible q lleves razón, pero no hay más.  IU  por desgracia no termina de enganchar. Una pena. Salud",N
Nos jugamos los  derechos sociales  por los q nuestros abuelos lucharon @agarzon @EUMorvedre,NEU
@Pablo_Iglesias_  señor presidente usted pasara a la historia como el mejor presidente de la democracia de toda la historia del siglo XXI,P
@elbuhoXXI @mariano_alonsof @xpericay  @CiudadanosCs   el único problema lingüístico es que no se aprende el balear...,N
Estáis borrachos o qué; mira que decir @PPopular y @CiudadanosCs son lo mismo.En el  PP  hay más a repartir del saqueo https://t.co/XeFGKsVzlK,N
"Estos de  @iunida  cada dia dicen más tonterías en su desesperación y sangría política, compraros un bosque. http://t.co/bNGP5nIsxu",N
@PSOE  si sobre todo en Andalucía. Sois lo peor que os den bobos,N
@ahorapodemos @ierrejon esperemos De esta sociedad un cambio aunque  RAJOY  SE ESCONDA Y NO HAGA  CAREOS  EN TV CON PODEMOS.TIENE COBARDIA,N
"#RitaAlcaldesa: mientras la  oposición  ha estado detrás de la pancarta, el @PPopular ha estado trabajando por  España  http://t.co/9xF64Kqu6S",P
"@The_Iberian @joxeles2 @PSOE @sanchezcastejon Por que soy socialdemócrata? Por qué creo en las  políticas sociales , pero odio el  comunismo ?",P
"@agarzon :  @iunida  ""participa del sistema pero reniega del sistema capitalismo""",NEU
@agarzon   considero totalmente injustas las palabras vertidas por usted contra la Guardia Civil. Y espero que se retracte.,N
"@CiudadanosCs Deberíais explicar que vais a hacer con los productos que estan al 10% en el  IVA  y cambiar el PDF, estais perdiendo apoyos",N
La @chunta e  @iunida  renuncian a las ayudas para el transporte en las @cortes_aragon http://t.co/B4RYbmldKJ,NEU
"@sdzafra  @CiudadanosCs  imagino que será inevitable, es difícil controlarlo",NEU
@sanchezcastejon  Si dieras una vuelta por Andalucía aprenderías más nombres. De esta manera los 2 grandes partidos vais a tener poco q hacer,NEU
Hoy @SergioMartinTVE entrevista a  @EsperanzAguirre   Candidata del  @PPopular  a la Comunidad de Madrid  #LNaguirre http://t.co/CVEHF6f7ZB,NEU
"@ahorapodemos @ierrejon algo mas q meter la primera debía hacer x 5000 ese chofer de  Rita , no?",N
Los esfuerzos de  @marianorajoy  lograrán terminar con los malditos efectos del estalinismo,P
"@ierrejon  @ahorapodemos  Haber que me enteré, eso lo queréis cambiar? O es discutible también?",N
Las poquísimas dudas que uno podía tener sobre  @CiudadanosCs  están bien resueltas con sus medidas del  IVA . http://t.co/kS9gNsHFAo,NEU
"Guerra en  Podemos : Errejón  y  Bescansa  contra  Iglesias  y  Monedero , sobre la mesa grado de moderación ante la huida de votantes a @CiudadanosCs",N
@PSOE  mismos perros con distinto collar,N
". @sanchezcastejon  cuando  @PSOECantabria  haga el ridículo en mayo pq ni los más fieles les vamos a  votar , montas una gestora...",N
La inaceptable levedad del  PP  @Pablo_Iglesias_ @hchanelh,N
@MaximoFlorin @golindelasenda  @ahorapodemos  De acuerdo contigo. La población ribereña es apática en parte.,NEU
"@MaximoFlorin @golindelasenda  @ahorapodemos  Sin embargo en Murcia, todos van en el mismo sentido",NEU
"Monedero  se niega a contestar preguntas sobre Venezuela, los españoles exigimos políticos que contestan a todo como  @Albert_Rivera",N
.@eljukebox  @Pablo_Iglesias_  @evolutionfs 20 minutos de reloj ha estado eligiendo los libros q ponía en el montón para lanzar guiños ^^,NEU
Presentación de candidatura e inaguración de la oficina electoral de  @CiudadanosCs  Albacete.@Vision6_TV  http://t.co/x0x6UaQrru,NEU
Aconsejo ver esta tremenda recopilación de lapsus del  @PPopular  hecha por @Razvieu. No tiene desperdicio https://t.co/ChTU7t2neW,N
Hilillos de plastilina. Resumen de la  gestión  del .@PPopular,N
"@CiudadanosCs Hola, pido firmas para  dimisión  de  Rajoy  y  Montoro , gracias :  https://t.co/Ze7BsCaFCY",N
"La número dos de  Wert , Gomendio, deja el Ministerio de Educación y se va a la OCDE http://t.co/PtJVWQcNuR vía @wordpressdotcom",NEU
@sanchezcastejon  cada vez que abres la boca me echo unas risas #PutoAmo,P
@RafaelB81784034  @Pablo_Iglesias_  la hemeroteca hay montones de ejemplos a lo que me refiero como especulación economista.,NEU
"@Albert_Rivera  De verdad te interesan 4 pueblos de Madrid, con lo que se va sabiendo del ""clan Valdemoro""? Malo para las generales",N
"@sanchezcastejon  @diegocruzblog Aunque no iba a  votarle ,pero me decepcionó su forma de tratar el tema Chaves y Griñan.",N
Hola  @marianorajoy  ¿Usted cree que el Sol gira alrededor de la Tierra? Gracias,N
Cada vez me gusta más este nuevo  @PSOE   http://t.co/g7K9KEQ5jX vía @youtube,P
"y rodrigo rato no entra ala carcel, vamos todos a robar dinero si total no pasa nada  @marianorajoy",N
"1*perdieron la vergüenza,después el respeto y ahora buscan a sus votantes!solo deseo k paguéis con paro o cárcel esta canallada.  @PPopular",N
Un 25%. Trankis que con  wert  i su educación dentro de unos años sera 50%,N
"@ecd_ @Pablo_Iglesias_ http://t.co/HFokYkm4Rv  Vete a la mierda  Felipe Gonzales  ,sera hijo de puta el tio .Empesaremos a ver lo que hizo el",N
"Ser transparente no es decir, es Hacer y en el  @Psoe  ya han hecho lo que dicen. #PortalDeTransparencia #AsiSi  https://t.co/B4kNIBqC24",P
@muly_ Pues los números no engañan .. que me diga @PPopular o @ahorapodemos o @PSOE o @CiudadanosCs como hacer los  números  +,N
"En mi casa ya, llena de entusiasmo después de escuchar a  @sanchezcastejon  @luistudanca @TinoRodriguez82 y @cortesan http://t.co/LUENtklbbo",P
"Ahora ha salido el documento que acredita que los que eran antecesores del  @PPopular  fusilaron a Lorca por socialista, homosexual y escritor",N
"@xipirona  @RamonLuque1 No sabe ni si es  @iunida  Ganemos, Jodemos o Potemos, su cacao mental es digno de psicólogo.",NEU
"@iblanco_eu @esquerraunida @agarzon  @iunida   es curioso porque pais valencia no existe, no se donde vais a hacer el acto. Narnia esta cerca.",N
"@verukawww malditos sociatas  @PSOE  son el peor partido de España..porque han mentido, engañado y estafado a la clase obrera @PartidoPACMA",N
Sin desperdicio la reflexión de la periodista Victoria Prego sobre el  @PPopular  ?????? The walking seas xd xd http://t.co/Vb18ZIDeOR,N
"@Albert_Rivera  , que bajón de foto... ??????",N
Con @manolopezzi en la cena de @ACarmenCerdeira con @galaleongarcia y dejando claro q  @PSOE  apuesta x el deporte femenino,P
@muly_  @PPopular   @ahorapodemos   @PSOE   @CiudadanosCs  @mjdelrio Por eso es importante dar luz a la factura de la luz ... +,NEU
@cmdearcos @muly_  @PPopular   @ahorapodemos   @PSOE   @CiudadanosCs  el pool el 1er trimestre ha estado más del doble que en 2014. Suma peajes. NO.,NEU
#ExcelenteNoticia El Director de la @guardiacivil ordena acciones legales contra  @agarzon  . http://t.co/5oWW5bkcUU http://t.co/CHmr7qWBcy,N
"Premio Miguel Cervantes + reivindicativo de la historia,1 guiño a  #Podemos  por L premiado Goytisolo @ahorapodemos   http://t.co/JWElLPYKB3",N
@agarzon También se creen el  programa electoral  del PP.,N
"Sancionar las10 viviendas vacías q plantea @ahorapodemos es MUY POCA COSA, de acuerdo. Pero q no lo digan los  @iunida  q ni lo plantean!!",N
". @agarzon  Ojito, que hay muchos más que creen en la homeopatía, o que piensan que los transgénicos son perniciosos.",NEU
@agarzon  mas o menos el 25% de votantes del  PP ...,NEU
@agarzon  ¿De verdad te sorprende? Pocos me parece...,NEU
@agarzon  ahora me encajan los resultados en las elecciones...??,NEU
"@agarzon  eso es lo que le gusta a la iglesia catolica, la que vive del dinero público, que nada cambie, no sea que se vean sus mentiras",NEU
@Ismael_Rastoll ¿Perdón? ¿Por avisar de un artículo de prensa local? Pídanselo al medio y disculpas si no les interesa.  @CiudadanosCs,N
"@agarzon  OMFG. Y si no han leído sobre este tema en la puta vida, como esperamos que se lean los programas electorales a la hora de votar?",N
@kolontai1959 puf! aquí en Euskadi el gran padre del problema de vivienda pública vacía se llama MADRAZO y aún sufrimos los efectos  @iunida,N
Me da vergüenza ajena todos aquellos políticos q pierden el tiempo en criticar en vez de trabajar en propuestas  @CsAlcorcon   @CiudadanosCs,N
"@PSOE  sí, cada vez más transparentes.. Dentro de poco ni se os ve... Porfa, haced algo por no desaparecer, que otros son peores...",P
@PSOE  @andresysara10 jjjjjaaaa pero  que me estáis contando???vosotros gobernar  nunca más chorizo,N
@agarzon ese 25 falto a clase estaban mitin d  pp,N
@CiudadanosCs @Albert_Rivera @Cris_Segui_ Lo más alucinante en política.  CŽs  vino a limpiar y lo embarraron todo en Getafe. Vergonzoso.,N
"@El_Intermedio @Fgarea @PSOE  El q se dedique a la. POLITICA  no podrá recibir ninguna otra retribución. Si no interesa, q cambie d EMPLEO",NEU
"@LasitoNiko  @PPopular  ni amigos ni leches, el que defienda lo de Hipercor es un malnacido. Me da igual colores políticos.",N
#PueblosSinUrgencias. En la comarca de Camp de Turia @PPopular encargo de Joder a la comarca y 14 pueblos cerrando  urgencias  y privatizando,N
@agarzon Nada raro: Un 25% cree que el  PP  arreglará la economía.,P
@agustinandrespe  @CsAlcorcon   @CiudadanosCs  Y los que se gastan lo que no tienen mas de 1millon en publicitar su ego que? #alcorcon,NEU
Que dice este señor que el  @PSOE  no necesita  regeneración . PIM PAM https://t.co/iSBhqEUlOs,N
Nada mejor para Sant Jordi que recibir un buen e interesante libro de  @Albert_Rivera  Preparada para un cambio sensato http://t.co/u1QqMoSMNv,P
@ahorapodemos ....así cocinan en el  PP  https://t.co/5hPLKRPc5P,N
"@agarzon  Si. Yo lo leí en La Razón. Pero el titular era ""El 75% de los españoles saben que la Tierra gira alrededor del sol"". Y así todo...",NEU
@agarzon  En este país la educación siempre se ha utilizado como arma arrojadiza entre partidos. Nunca fue prioritario fomentar la cultura.,NEU
@Josema_Ruiz @tonimarrajo  @ahorapodemos   @Podemos_CT  Tomando nota!!,NEU
@Cs_Cordoba @Cs_Andalucia @CiudadanosCs  Mañana gran día presentación candidaturas Lucena y Baena. Es un honor acompañarlos. Todos sumamos,P
Gracias a tod@s los q nos acompañasteis hoy con  @sanchezcastejon  @marbarcon y  @jrgomezbesteiro  para #reiniciarCoruña https://t.co/lpxslQqR5R,P
@kolontai1959  @ahorapodemos  Ojalá que de aquí a unos 20 años los centros sociales sean parte indispensable de la construcción de sociedad,NEU
"@teremaldon @El_Intermedio @Fgarea  @PPopular  A mi particularmente ya nada me extraña es alucinante menuda trama, si se supiera todo.....",N
@agarzon  ¿serán los mismos que aún no saben que el  PP  es una organización criminal?,NEU
@agarzon  Así se explica el miedo que tienen algunas personas a que algo se mueva: se les descoloca el mundo. Agarraditos  a las barandillas,NEU
@agarzon  Y un 95% que tu estas mejor en tu casa. Cada vez que hablas de algo sube el pan..,N
@agarzon jolin k mal!!! Menuda  educancia  tenemos!!!,N
#AsíSí @PSOE !  #Transparencia  es #democracia y #libertad  https://t.co/c4vkF8LcQ9,P
"@dunker @WormHolePro pero quién coño los elige  @PSOE  ?ojalá fuera un montaje,pero vivimos donde se cree q el sol gira a nuestro alrededor",N
@MiguelSicilia2  @PSOE  @martasaavedraD Porque según la lógica retorcida de esta srita entonces todos los vascos son presuntos eterras.,N
"#Bierzo  Pedro Sánchez:  ""Vamos a hacer posible la España de las oportunidades""  @PSOE   @SanchezCastejon  http://t.co/2ou36BCTrl",P
@PPopular @marianorajoy pido/exijo/ruego el cese inmediato de  @anapastorjulian  su incompetencia es un peligro para el interés general.,N
"@sanchezcastejon  que gracioso tu Community Manager.Estaria bien ver las cuentas del antiguo equipo del psoe,Zapa,Blanco,Bono..",N
"Hombre, con tanto católico RT  @agarzon  Agárrense. Un 25% de los españoles cree que el sol gira alrededor de la tierra. http://t.co/kV3arytJZ1",NEU
@CiudadanosCs @monica_cobo ¿Ha puesto  CŽs  al frente de la lista de Getafe a una persona en baja laboral? ¿Eso no es fraude a España?,N
Me parece mal que hoy en Zaragoza me haya recorrido la calle Independencia entera y no haya podido comprar un libro de  @Pablo_Iglesias_,P
Pero gira o no gira alrededor del sol? aclararalo porfa!  @agarzon,NEU
"@ahorapodemos  de verdad,  errejoncillo , duermes por la noche con tanta hipocresía? Qué tío.",N
@MiguelSicilia2  @PSOE  @martasaavedraD Exacto. Odiemos a todos los alemanes por las calamidades de los nazis.,NEU
"@HoyPorHoy  @CiudadanosCs   @Albert_Rivera  Sin duda Sr. Rivera, como todos, merece un voto de confianza. ¿pero viniendo de nuevas generaciones",NEU
@marianorajoy  ah Y me descuidaba RATO.,N
@agarzon espero que uno no Sea jaja  pedro sanchez  que esta en Soria viendo a machado,N
"#PPcajaB  te roba,  #PsoeReyDeEres  te roba,  #PodemosFugaDeCapital  no habrá que robar, Para todo lo demas  @CiudadanosCs",N
Varapalo al  @PSOE de la Junta Electoral Central  en relación con este vídeo | Noticias y Deportes Guadalajara http://t.co/QqaDhJADng,N
"@crisloble @pedroacedo @fmolinaalen @jcperdi  @Nngg_Merida   @PPopular  art. 50.2 de la Ley Electoral"". http://t.co/QRMXFL7fif Cumplimos la ley?",N
@sanchezcastejon @PSOE  transparencia y aire fresco tenemos que ser limpios y trasparente y que los votantes vuelvan a confiar en nuestro prt,P
A  garzon  deberían darle una lección! Puede decir cualquier descerebrado  político  tonterías? Parece que si! Pues no  https://t.co/4beJa1Z1jd,N
""" @agarzon:  Agárrense. Un 25% de los españoles cree que el sol gira alrededor de la tierra. http://t.co/0xIGmhz1eU"" Qué país, señor. #Mátome",NEU
Moción de censura al  gobierno del PP ... YA @PSOE @sanchezcastejon no se aguanta ya tanta  corrupción,N
@CiudadanosCs  @jafspar  @Albert_Rivera  que chisposo,P
@MEspinosa_  @Pablo_Iglesias_  @PodemosCMadrid  qe buenas que estas,P
RT  @PSOE  Cuentas: http://t.co/pKPPW5npCs; Declaración de bienes de Wenceslao López: http://t.co/CdaCjQwoNM #OviedoConWences #Transparentes,P
@sanchezcastejon  @justinaviajera No ese el nivel que esperamos de quien quiere gobernar. Lo siento.,N
"@agarzon  hay paranoicos que usan la física para ""demostrar"" eso y que la tierra es plana. Además, no me sorprende siendo España.",NEU
".@CarolinaPunset candidata de  @CiudadanosCs  a la Generalitat V., es una persona normal haciendo cosas extraordinarias http://t.co/edAWXvvOr9",P
"@marianorajoy  vamos la biblia no la lee, porque como regala dinero a la iglesia en nombre de todos los españoles entiende q esta perdonado",N
"@RafaelB81784034 @everian777  @Pablo_Iglesias_    Señores, como la economía son matemáticas puras y duras si van por humanidades?",NEU
Llevar canals de parla catalana pot dur a veure el #NODO de @tve1 a la força. Això pensau espanyolets del  @PPopular  ? #estimlamevallengua,N
"@PSOE @mariagv Y 135, recortes a la dependencia y no frenar los  desahucios  #imperdonable",N
"Los socialistas solo entendemos una manera de hacer  política , aquella que pone a las personas en el centro de la vida pública.  @PSOE",P
"@AlejandroRep18 @ClaramunJavier  @PPopular  @Razvieu  Muy bueno! Y se ve que  Rajoy  cuando no lee, se puerde! Muy fuerte!",N
@j02uanca @voz_populi En algunos sitios ya han pactado sillón algún Tte Alcalde independiente qe gobierna con  PP  y ahora va x  @CiudadanosCs,N
"@sanchezcastejon @PSOE  Tu, en la web del  psoe  pondrás lo que a ti te interesa. ¿Te tengo que recordar que estuviste en Bankia,  corrupto ?",N
"Hola  @marianorajoy   Que @NicolasMaduro tiene más seguidores que tu, que lo sepas!",N
@PepitoGrillo_cs @CiudadanosCs @Albert_Rivera Eso en teoría lo hace  Podemos . Pero creo que a las bases ya no les hacen ni p caso,N
@BluRadioCo  @marianorajoy  Muertes de inmigrantes refugiados en el Mediterráneo ocurre con la soterrada complicidad del mundo entero. Triste!,N
@PPopular . Protestar no es ilegal! Democracia sin mordaza!,N
@logela @kolontai1959  @iunida  Hay mucha diferencia lo que han echo algunos ayuntas y otros con las mismas leyes en la mano.,N
"@urbeltzen @kolontai1959 en el asunto del  suelo , ha habido un gran burdel nacional con barra libre y mucho, mucho dinero fácil. @iunida",N
http://t.co/IoHcDMgCme.  Pactar algo con Bildu es asqueroso y bochornoso.  @PSOE  . El  pse-ee  es deleznable y oportunista. #asco,N
¿Soportaría  @CiudadanosCs  una campaña de acoso y derribo como la que sufrió  @ahorapodemos ? Una pista: https://t.co/Ug4TI1mnii,NEU
"Arcadi, Isabel San Sebastián y demás desechos de la derecha casposa que terminaran por joder un  partido  que prometía mucho  @CiudadanosCs",N
"VERGÜENZA de  @PPopular   @PPCatalunya  ¡¡¡NI UN VOTO MÁS, NI UNO MÁS!!! https://t.co/o9XpaE8PkH",N
"@isaranjuez @Jordivll @PPopular Hay que hacer test de intelig.  al  votante  del PP, o no entiende que la corrupcion es general o le esta bien",N
"@Mariajesusdm93 q mejores? Si ninguno es capaz de hablar ingles, tienen problemas de dicción como  @marianorajoy  etc",N
@sanchezcastejon un acosador de homosexuales..  http://t.co/pG2irBLFWX,N
@IsaIsabel_9 @ridermarina  @sanchezcastejon  otro ejemplo más del PPSOE que se aproxima,N
"@agarzon  justo el porcentaje que votará al  PP  en las próximas, no digo más",NEU
@Mhemeroteca  @iunida  @jorgewololo esa fecha cuando  IU  pidió la regularización de la prostitución voluntaria en España,NEU
".@Juancassa ""Vamos a ser responsables para con . @CiudadanosCs  y para los malagueños/as"" #SucedióEnMálaga-On Live @101tvMalaga",P
@andresysara10  @PSOE  igual que yo lo tengo clarisimo y cada día más viendo todo el mamoneo que hay,P
"@Aquiles_AE @MVTARDE @ahorapodemos nooo, son los corruptos de  PPSOE",N
"@agarzon  @Dv9700 muy bien, el  PP  puede hacer cosas en las que no importe la ética, a los demás si hay que exigirles ética y legalidad.",P
"@ecd_  @EduMadina   @PSOE.  Se presentará por ""podemos"", ya que es un pro-etarra más.",N
@andresysara10  @PSOE  ojalá  yo creo que si saludos:)))),P
"@sportbloke  @agarzon  Jose, en España abunda esta fauna, mucho más que en otro países según parece https://t.co/SyCCaz8II7",NEU
@sanchezcastejon  ....acosador http://t.co/Hvau62MuM6,N
@Albert_Rivera  no defraudeis y no pacteis con  susana  solo a cambio de griñan PSOE FUERA de Andalucia ya por favor Son LADRONES TODOS30añosya,NEU
@mromanza  @AhoraMadrid   @manuelacarmena   @iunida  El juego sucio contra  IU  no cesa. A qué temen?,N
@mjestevez @verdadesofenden  @sanchezcastejon  @La_SER aggggg son degenerados  hasta para hacer los carteles electorales que vergüenza  y asco,NEU
@Luismita  @PSOE  con leer la bio de mi perfil basta.,NEU
@agarzon  empeñado en perder  votantes . Su última cagada mencionar a Messi entre los defraudadores con lo que tenemos en este país...,N
@caguirre2000 @verdadesofenden a La Tuerka de  @Pablo_Iglesias_  lo van a poner de trofeo en la sede de  @ahorapodemos,N
Muy bueno  @marianorajoy  difundiendo noticias en un idioma que no conoce https://t.co/b71NoUwqcK,N
@mjestevez @verdadesofenden @sanchezcastejon hombre aunque sean del  psoe  no se puede ser tan gilis,N
@RobertoInguanzo @juan_rosell_ sí .  @sanchezcastejon  repite lo de clase media trabajadora hasta la extenuación,N
"@bgutman2  @Albert_Rivera  Todos adolecen de ""algo"" pero UNOS más que OTROS",NEU
"@Santisierra17 @jordievole  @PSOE   @carmechacon  este jeta sabe bien lo que dice como el mafioso Cabeza Cero Ferreras, mírales la c corriente",N
"@marianorajoy  ELIMINEN EL LIBRE MERECADO,CREADOR COMPETENCIA DESLEAL EN EL SECTOR PRIMARIOenGy RURAL en PARTICULAR REPARTO BENEFICIOS AMÉN++",N
"#ElCascabel jejeje,ya solo falta ver a MaduroRajoy y su  @PPopular  comiencen a pedír el voto a los  corruPPtos  barruntando batacazo electoral",N
"@marianorajoy  DIGNIFICAR Y VALORAR, PERSONAS Y ACTIVIDADES MUNDO RURAL ALICAR MATER MAGISTRA=reparto de BENEFICIOS.equitativaYproporcional++",P
@marianorajoy  Este es vuestro objetivo:http://t.co/i1SFj3o2JU ...so pedazo de...,N
@silvia_mallorca @mvtarde  @ahorapodemos  cuando maduréis y os hagáis mayores os vamos a donar al Zoo paraque os echen cacahuetes Monos Simios,N
"Ciudadanos  propone,, pero los ciudadanos disponen...de las urnas para Botar a la derecha https://t.co/cBmBmUiszF",N
"@agarzon @iunida    ANIMO,  ANIMO,  ANIMO, ANIMO, ANIMO...",P
El cinismo e interés d medrar d gente como el madracista @SamirBilbo no tiene límite. Espero k @PodemosEuskadi_  @ahorapodemos  tomen medidas.,P
"@doloresleonp84 @itoguille @SextaNocheTV  @ahorapodemos  Ya nos están devolviendo, con las instituciones corrompidas consintiendolo",P
"#SofáDeEsperanza  cual Pitonisa Lola: https://t.co/6RaMXaKcbm,  @ccifuentes  modo cani: https://t.co/yQ0roLYMRM.  @ppmadrid  se le va la campaña!",N
"@marianorajoy  Vosotros no sabéis lo que es ""común"" en ningún sentido.",N
"@andresysara10 en #España ???? , por desgracia , para tener  políticos  honrados , debemos esperar a q nazcan .  @ahorapodemos @PastorRodri",N
@andresysara10 @joseletegrillo @PastorRodri @iunida @ahorapodemos yo estoy digiriendo lo de  Pujalte y Trillo  todo el dia..,N
"@nolaska @Salva_Carmona @radicalizate @Pablo_Iglesias_ personas q incluso conozco, me vas a decir tú quienes son  Podemos , gente corriente",P
@marianorajoy  los que esquilmaron esos países eran los que debían de hacerles una forma de vida  .y no ahora hacerse los longuis,N
"@nolaska @Salva_Carmona @radicalizate  @Pablo_Iglesias _ lucha por Venezuela, pero deja en paz a los españoles que voten con libertad",N
"Las cuentas de  @pepebernal , todos los datos claros y transparentes. @PSOE @PSOEMarbella @PSOE_sanpedro @psoeandalucia http://t.co/dqrd56id7K",P
@agarzon  @robinsnoticias  como en la antigüedad  se lee poco la verdad y por necesidad de  trabajo...,NEU
España se muere....  @PPopular   @Psoe  @CasaReal  ---=---=---=--   @ahorapodemos    @iunida   @upyd @Equo  @Portabales_Hijo http://t.co/KvMxKXC2Iy,N
"@mariceli23 @GaetanoLoHace  @ahorapodemos  por eso  votaremos  a podemos, para que eso no pase en España.",P
"@agarzon  ya lo dijo Julio Anguita ""capataces"" muy bien pagados, eso es lo que son",NEU
#LnAGUIRRE  a ver si te enteras qu @AhoraMadrid no es  @ahorapodemos,N
Marejada en  @CiudadanosCs  por el cerrojazo de  @Albert_Rivera  a pactos de gobierno http://t.co/34Fi6UPmhh  Ahora con la valenciana Punset.,N
"#LNaguirre  @EsperanzAguirre  no es @ahorapodemos  quien OS ha quitado los  votos  ,ha sido el tiempo y vuestra forma de gobernar",N
@agarzon  @IUEzker Lo grande es k los Medios se ríen de kienes educa,NEU
"@JoaquinRamirez @ExpoconRita @PPopular las soluciones eran las del  programa del PP , no las del  programa d IU  (como demostró @pedroj_ramirez",P
"@EsperanzAguirre y el @PPopular cargan contra @ahorapodemos cada día, pero no habla d su  Gestión  en Madrid http://t.co/OgtOkP7Vmk",N
"@AntonioMaestre  @iunida  es federal, las candidaturas municipales ls validan ls direcciones autonómicas. EnMadrid ya sabs cual es l dirección",NEU
@paideia1900 @waltzing_piglet @agarzon los diabéticos lo hacen a diario y gracias a los  transgénico s tienen una vida mejor.,P
"@nika_iru @dimasguacha1  @sanchezcastejon   @PSOE  No somos nada, la escuela González sigue dando sus frutos. Esperemos q en Venezuela aprenda.",N
"@teleSURtv LA UNIÓN CON RUSIA CON CHINA DEL MERCOSUR CAMBIARÁ AL MUNDO Y CON GRECIA Y"" PODEMOS ""@ahorapodemos",P
"@CsLaRioja @CiudadanosCs   Parlamento de La Rioja   Ayuntamientos de Logroño, Calahorra, Arnedo y Villamediana de Iregua  http://t.co/rcrjXmPn52",NEU
"Hay un espabilado en @La_SER  comparando lo de Trillo y Pujalte, con el no caso de Monedero y Errejón!  @ahorapodemos  ganar y callar boceros!",P
joder... otra vez no..... por favor otro  ZP  para terninar de joder el pais.. dios mio te lo ruego....  https://t.co/gCcLFmkmgM,N
Si alguien del @PPopular se ve envuelto en un caso de violencia doméstica se monta un linchamiento mediático del copón.   NO SI ES DEL  @PSOE,N
@Hello_Juls @rosvalarg @juandepca  @agarzon  Y el payaso contestando a la emisora mientras le aplasta el cuello? Quien le paga a ese matón?,N
@juandepca @agarzon PROTESTAR NO ES ILEGAL!!!!  #NoLeyMordaza  http://t.co/Iue8Zt7Qlr,N
@CiudadanosCs @CsGalicia @Albert_Rivera k opináis con respecto a lo hecho por Feijo sobre la  administración del CHUS ..por medio de EEUU..???,NEU
"@sfernandezh en tu programa relacionasteis a  @ahorapodemos  con Venezuela en un vídeo por decir ""TIC TAC"" ¿Tú también eres chavista o que?",N
Presentación:   Propuestas económicas  @CiudadanosCs   https://t.co/dJvgQGqNpa http://t.co/uNT8aaKcYU,NEU
"@nolaska @maeric4  @Pablo_Iglesias_  ...d la Oposición Venezolana, a MEVA y a los venezolanos k stán haciendo campaña en contra a  Podemos  e  IU",NEU
@Pablo_Iglesias_  mas o menos como eurodiputados en nomina de gobiernos bananeros. Casi Igual de repulsivo.,N
@lolalolalc @itoguille @SextaNocheTV  @ahorapodemos  Muchísimas gracias por mandarmelo. Esta iiteresantisimo.,NEU
@PPopular : Ma?s de medio millo?n de nuevos empleos en un an?o #TrabajarHacerCrecer http://t.co/yWcb6mGGwt http://t.co/C54ugLe8WW,P
@MabelFigueruelo @CincoDiascom @CiudadanosCs proponen bajarlo a las  rentas  medias-altas y subirlo a las medias-bajas http://t.co/OCOt5Sqkpz,NEU
"@nolaska  @Pablo_Iglesias_  Y k no parezca k stoy defendiendo el Eurocomunismo, ya k discrepo con él kon lo k fue en la práctica, y komo...",NEU
@ahorapodemos @ierrejon  que poca humanidad y poca verguenza,N
@pepebass3 @ierrejon  @ahorapodemos  el problema es todo lo que usted menciona más lo de Monedero y Errejón.,N
"@Albert_Rivera  @lugaricano  @CiudadanosCs  @GirautaOficial POR EL BIEN DE NUESTRO PARTIDO, ACLARADLO POR FAVOR http://t.co/DJQPQlbmRd",NEU
PPSOE  proponen cosas diferentes en cada Comunidad   @CiudadanosCs  @Cs_Asturias tiene una idea para vertebrar y modernizar  España.,N
.  @PSOE  Pedidles las cuentas a las familias a que recortasteis la dependencia y negasteis una oportunidad no parando su desahucio #SinPerdón,N
@CincoDiascom  @LosPeperos_SA   @CiudadanosCs  Surgieron en respuesta al nacionalismo catalán y van improvisando según vayan las  encuestas .,N
"En mi opinión, eso le honra @josecar85592984 Tengo un sentimiento parecido. No me identifico con ninguno. Voté al  @PPopular  y me decepcionó",N
"El gobierno tiene un compromiso con todos , deben informar de todo , sobre todo de lo que les incomoda que se sepa  @PPopular",N
@Salva_Carmona @maeric4 @Pablo_Iglesias_ La  injusticia Social  es inhumana todos luchamos contra esto y los entiendo,N
"@JoseIDionisio @minutodigital @CiudadanosCs @Catalega @Ramonjaen123 @007Atenea En Mayo, más de lo mismo,  clientelismo  y, ahora, oportunismo",N
"@agarzon  guardalo bien! Yo tengo uno parecido que me regalo mi madre y siempre le he tenido mucho cariño.Quien te lo regalo, te quiere bien.",P
"De veras le valdrá a  @CiudadanosCs  las ""no presentaciones"" de  Griñán  y  Chaves  a las elecciones para hacer Presidenta a  @_susanadiaz ?",N
@CiudadanosCs @Albert_Rivera  creia en ti y ya antes de saber quien gana la mayoría y los posibles acuerdos se decide pactar ultra izquierda,N
Entrevista al gran   @Albert_Rivera  http://t.co/pojuKOax4a,P
"@Salva_Carmona @maeric4  @Pablo_Iglesias_  ese video ya lo vi, tu crees q yo apoyo a los DICTADORES ni de DERECHA ni IZQUIERDA",NEU
Nadie soluciona nada en #DosHermanas? De nada sirve ganar DOS primarias? Que injusto todo.  @agarzon   @cayo_lara   @MailloAntonio   @GLlamazares,P
@vecinosfuenla Atención atención alarma: imputado en listas; repito: imputado en listas. Nombre : Teresa Fernandez.  @iunida,N
".@UniversoGay el  @PSOE  es el único partido de España c una transexual en listas electorales @CarlaAntonelli ,la 1era Diputada trans dsd 2011",P
El candidato a la Alcaldía de #Meruelo por el @PSOE se toma en serio el tema de la  #transparencia  http://t.co/IllgAIErf5,P
@agarzon  contagias ilusión,P
"@agarzon @SandsRainbow habréis renegado de la URSS, pero esto en un país que da ajedrez en las  escuelas , no pasa.",NEU
"@IU_PteVallecas: Presentacion d candidaturas  @iunida  @IUCM La izquierda q es,  q fue y será.  #ElCorazonDeLaIzquierda http://t.co/tUCCz51r78",P
"@FrancescoOjeda @ierrejon  @ahorapodemos  Lee bien la noticia, pone ""condenado"".",N
@pepito_garca  @CiudadanosCs  no lo dudeis!!! Un fuerte abrazo,P
@agarzon más preocupante me parece que el articulo sugiera que el rechazo a  nucleares  y  transgénicos  se deba a ese  analfabetismo científico .,N
"Rajoy @marianorajoy  cobró sobresueldos ilegales cuando era ministro, según El Mundo http://t.co/OVRpTG6hKU http://t.co/m3VAqZvX7m",N
"@Pablo_Iglesias_ Son trabajos, donaciones, regalos ?, o son SOBORNOS?.  Pujalte,Trillo , Barcenas, Pujol, y quién sabe cuantos miles más.",N
@JoseRaigal @marisaparrilla  @PSOE  ASESINOS   DE FETOS   LARONES  EN EL  36  MATA CURAS  EN EL  37   ESTO ES EL PSOE,N
"No miremos la constitucion como un libro sagrado intocable, los  @CiudadanosCs    @ahorapodemos  hacer q sea justa e igualitaria .",P
"@josecdiez no se esfuerce tanto, el  @PSOE  es ya un partido residual...",N
Diez huelgas de  Educación  en Aragón desde que  Wert  es ministro http://t.co/R1FcydahW1 vía @eldiarioaragon,N
@rcabrero75 @josspjossp pued en España el mayor evasor de impuestos son los  Botin  y  @ahorapodemos  ya ha dicho que no son casta!.,N
No más muertes en el #Mediterráneo @JunckerEU  @marianorajoy  #nomásmuertes https://t.co/uRt3MLvn1S via @change_es,N
@juandepca  @agarzon  @mundoobrero @JoBadajoz @RemediosRamos1 un discreto intercambio de opiniones de forma pausada y educada,P
"@Pablo_Iglesias_  calculo a!rededor de un 25% de esa probabilidad o sea, alrededor de unos mil ricos nuevos del 2014, forman parte de los 715",NEU
@Pablo_Iglesias_  José María Aznar Jr.  se enriquece con los  desahucios  en España http://t.co/dz8ciszmaU,N
"@sanchezcastejon  . @domecqsolano los regionales no asimilan tu posición política, eres grande.",P
el  @PPopular  no quiere abrir el cajón de mierda. https://t.co/8FjNwyRA8x,N
"@_InakiLopez_ @SextaNocheTV  @Pablo_Iglesias_  y Discúlpame no es contra tì, Es contra quien controla los medios y como se están comportando.",NEU
@NIEBLA75  @sanchezcastejon  Busca el efecto Chiquilicuatre. Que le voten a modo de coña.,N
@maperezpirela Porque no le callamos la boca a  @marianorajoy  nacionalizando el  Banco Provincial . Saludos desde los Valles de Tuy.,NEU
@marianorajoy  @interiorgob Retórica del efecto llamada impide salvar vidas humanas. No jueguen con ellas http://t.co/fSCfOvyJzk #SOSEurope,N
@ahorapodemos #PODEMOS  también es hijo de incapacidad del sistema político de dar respuesta a demandas de millones de ciudadanos (as) (2),NEU
"@ahorapodemos #PODEMOS  fruto de incapacidad de actores políticos p/solucionar problemas de confianza, corrupción y liderazgo en sus filas",N
"@Pablo_Iglesias_  considerado como ""el líder q profesionalizó las tertulias""  con su equipo de  @ahorapodemos   #PODEMOS  http://t.co/YN6LUwevCM",NEU
@marianorajoy  @Sorayapp Nuevamente más IMPUNIDAD. La ministra iries valera. Sigue apoyando a la gente del (cont) http://t.co/hynMqYsYhb,N
"@isaranjuez  @PPopular  soraya se está desmarcando d sus siglas, su recocimiento d la amnistía fiscal""es un zasca!y una virtud a sus creencias",N
@iunida  @VivalaRepublic1 Cuantas vacunas contra la hepatitis C se hubieran comprado con ese dinero o comidas para niños desnutridos.,NEU
"Sin embargo, @ahorapodemos se ha erigido en amenaza p/ el  Bipartidismo en España , quien sabe si fugaz o duradera @Pablo_Iglesias_ #PODEMOS",P
@marianorajoy  y PF transparencia y contundencia con la corrupción. Un cordial saludo!!!!,P
El culto al lider y el personalismo pueden erocionar en cualquier momento al aparato polìtico  @ahorapodemos   @Pablo_Iglesias_   #PODEMOS,N
@cantabriamiguel @APortabellaF  @ahorapodemos  empiezas a ser inteligente,P
Juntos lo lograremos.  Ciudsdanos  es el cambio democrático para España. https://t.co/VfLLHFAkpH,P
@isaranjuez @Pablo_Iglesias_  @SextaNocheTV Isa dale algún consejito a Pablo para la 6ª,NEU
"Me hace gracia leer en @LaVanguardia que lo de @mdcospedal fue un lapsus. Como si fuera mentira que el  @PPopular  nos está saqueando, jajaja",N
"@marianorajoy  Asi se viola en Venezuela este derecho humano fundamental, http://t.co/ZE1ysnoGh3  cosa que no pasa con los súbditos españoles",N
"@Rafa_Hernando @PPopular  ves invirtiendo en áticos en Marbella,o en adosados en Yebes, todo queda en casa.",N
@LINKSLIBROS @CafeParaLeer @Culturizando @BKStreetArt  @ahorapodemos  https://t.co/V1d7CIhTvw Intento difundir lo que nació del alma. Gracias!,NEU
".@policia y @guardiacivil En este audio el  @PPopular  esta cometiendo un presunto delito, esperamos actúen al respecto http://t.co/dL36wEKow5",N
#FF a todos los que el domingo disfrutaremos con  @sanchezcastejon  en la Fiesta de la Rosa en Durango @psealava @PSEGIPUZKOA @PSEBizkaia,P
@juandepca  @agarzon  @mundoobrero @JoBadajoz @RemediosRamos1 luego se escandalizan por una mano en la colleja a Rato...clases y clases...,NEU
@agarzon Por eso estos fachas ponen la revalida como solucion a un  analfabetismo  creciente del q es complice izquierda desunida y enfrentada,N
"@JosePerLo @elperiodico_cas porque la victoria de  Susana Diaz   no era tan grande y necesita de los que ""fracasaron""  @ahorapodemos  @20m",N
"@CsLaRioja.@CiudadanosCs Si NO es OBLIGATORIO llegar a  1°de Primaria  sabiendo leer, entonces no perdamos tiempo enseñando a leer en  Infantil",NEU
El libro d cabecera dl  @PPopular   Como saquear lo publico mientras vives d ello Prólogo d Rodrigo Rato,N
"los despachos,serán muy grandes y muy caros, pero muy listos no son, fiarse del  @PPopular ? que dicen que estudiaron? http://t.co/zWWsqTghpG",N
"Menos corrupción que en Namibia,pero mas que en Botswana. Gracias, @PPopular , @PSOE  y a todos los que hacéis posible esta bonita verbena.",N
@GMSocCoruna  @sanchezcastejon  @marbarcon @jrgomezbesteiro reiniciar o mejor formatear la ciudad!,NEU
"@marianorajoy  pero de que año? Del 2025? Venga gracias lo estáis haciendo muy bien. Mejor no se puede hacer. Saludos a Rato, el pobre",N
@Pablo_Iglesias_  mala señal q  un candidato a la presidencia no tenga tiempo para leer. Debería ser prioritario.,N
@dvlnosmz Los versos libres del  @PPopular  me dan grima,N
"No olvidemos que fue además el estratega del  @ppopular  en el caso Gürtel: ""El despacho de Trillo facturó 4,55M... http://t.co/LFDDG29Fhv",N
@cs_hor @AntSoubrieCs @Albert_Rivera @Cs_Alcobendas_ Pues muchos NO hablaron cuando demás protestábamos por  Reforma Laboral  corta derechos,N
"El  PP  ganaría la Comunidad de Madrid y el Ayuntamiento, pero necesitaría a  @CiudadanosCs   para gobernar http://t.co/Xk7siIZECz vía @20m",NEU
¿Quién es  Pedro Sánchez ? Mi artículo de los viernes en @lavozdegalicia @vozlugo http://t.co/Ua3VQHueFT  @PSOE   @PSdeG,NEU
Hoy mucha propaganda del IBEX-35 en las encuestas. Ya tenemos  . @CiudadanosCs  tercera fuerza política a costa de la bajada de . @ahorapodemos,P
Un 25% de los españoles cree que es el Sol el que gira alrededor de la Tierra. Con la  Ley de  Educación  de Wert ... http://t.co/WnGfc43UuJ,N
